20220101,3500,당근,1KG,3000,232
20220101,3504,당근,1KG,2980,232
20220101,3500,고구마(밤),1KG,5000,151
20220101,3504,고구마(밤),1KG,5980,151
20220101,3500,미나리,1KG,710,252
20220101,3504,얼갈이배추,1KG(단),2650,215
20220101,3500,양파,1KG,2000,245
20220101,3504,양파,1KG,1990,245
20220101,3500,토마토,1KG,5000,225
20220101,3504,토마토,1KG,7420,225
20220101,3500,찹쌀,1KG,3500,112
20220101,3504,찹쌀,1KG,6980,112
20220101,3500,고춧가루,1KG,24600,248
20220101,3504,고춧가루,1KG,27960,248
20220101,3500,고춧가루,1KG,10000,248
20220101,3504,고춧가루,1KG,12800,248
20220101,3500,파,1KG,2000,246
20220101,3504,파,1KG,2480,246
20220101,3504,방울토마토,1KG,11500,422
20220101,3500,파,1KG,4670,246
20220101,3500,생강,1KG,5660,247
20220101,3504,생강,1KG,10670,247
20220102,3500,생강,1KG,5660,247
20220102,3504,생강,1KG,10670,247
20220102,3500,양파,1KG,2000,245
20220102,3504,양파,1KG,1990,245
20220102,3500,파,1KG,4670,246
20220102,3500,토마토,1KG,5000,225
20220102,3504,토마토,1KG,7420,225
20220102,3500,고춧가루,1KG,24600,248
20220102,3504,고춧가루,1KG,27960,248
20220102,3500,당근,1KG,3000,232
20220102,3504,당근,1KG,2980,232
20220102,3500,고춧가루,1KG,10000,248
20220102,3504,고춧가루,1KG,12800,248
20220102,3500,미나리,1KG,710,252
20220102,3504,얼갈이배추,1KG(단),2650,215
20220102,3500,파,1KG,2000,246
20220102,3504,파,1KG,2480,246
20220102,3500,고구마(밤),1KG,5000,151
20220102,3504,고구마(밤),1KG,5980,151
20220102,3504,방울토마토,1KG,11500,422
20220102,3500,찹쌀,1KG,3500,112
20220102,3504,찹쌀,1KG,6980,112
20220103,3500,파,1KG,4670,246
20220103,3500,생강,1KG,5660,247
20220103,3504,생강,1KG,10670,247
20220103,3504,방울토마토,1KG,11500,422
20220103,3504,얼갈이배추,1KG(단),2650,215
20220103,3500,찹쌀,1KG,3500,112
20220103,3504,찹쌀,1KG,6980,112
20220103,3500,고구마(밤),1KG,5000,151
20220103,3504,고구마(밤),1KG,5980,151
20220103,3500,토마토,1KG,5000,225
20220103,3504,토마토,1KG,7420,225
20220103,3500,당근,1KG,3000,232
20220103,3504,당근,1KG,2980,232
20220103,3500,양파,1KG,2000,245
20220103,3504,양파,1KG,1990,245
20220103,3500,파,1KG,2000,246
20220103,3504,파,1KG,2480,246
20220103,3500,고춧가루,1KG,24600,248
20220103,3504,고춧가루,1KG,27960,248
20220103,3500,고춧가루,1KG,10000,248
20220103,3504,고춧가루,1KG,12800,248
20220103,3500,미나리,1KG,710,252
20220105,3500,건미역,1KG,1730,642
20220105,3504,건미역,1KG,2490,642
20220105,3500,파,1KG,2330,246
20220105,3504,파,1KG,2480,246
20220105,3500,굴,1KG,16000,644
20220105,3504,굴,1KG,29800,644
20220105,3500,찹쌀,1KG,3500,112
20220105,3504,찹쌀,1KG,6980,112
20220105,3500,토마토,1KG,5660,225
20220105,3504,토마토,1KG,7420,225
20220105,3500,새우젓,1KG,17500,650
20220105,3504,새우젓,1KG,25800,650
20220105,3500,멸치액젓,1KG,4330,651
20220105,3504,멸치액젓,1KG,5040,651
20220105,3500,파,1KG,4670,246
20220105,3504,얼갈이배추,1KG(단),2650,215
20220105,3500,고구마(밤),1KG,5000,151
20220105,3504,고구마(밤),1KG,5980,151
20220105,3500,생강,1KG,6000,247
20220105,3504,생강,1KG,10670,247
20220105,3500,고춧가루,1KG,24600,248
20220105,3504,고춧가루,1KG,27960,248
20220105,3500,당근,1KG,3000,232
20220105,3504,당근,1KG,2980,232
20220105,3500,고춧가루,1KG,10000,248
20220105,3504,고춧가루,1KG,12800,248
20220105,3500,미나리,1KG,750,252
20220105,3504,방울토마토,1KG,11500,422
20220105,3500,양파,1KG,2000,245
20220105,3504,양파,1KG,1990,245
20220106,3500,굴,1KG,16000,644
20220106,3504,굴,1KG,29800,644
20220106,3500,새우젓,1KG,17500,650
20220106,3504,새우젓,1KG,25800,650
20220106,3500,멸치액젓,1KG,4330,651
20220106,3504,멸치액젓,1KG,5040,651
20220106,3500,생강,1KG,6000,247
20220106,3504,생강,1KG,10670,247
20220106,3500,당근,1KG,3000,232
20220106,3504,당근,1KG,2980,232
20220106,3500,고춧가루,1KG,24600,248
20220106,3504,고춧가루,1KG,27960,248
20220106,3500,고춧가루,1KG,10000,248
20220106,3500,양파,1KG,2000,245
20220106,3504,양파,1KG,1990,245
20220106,3504,고춧가루,1KG,12800,248
20220106,3500,미나리,1KG,750,252
20220106,3500,고구마(밤),1KG,5000,151
20220106,3504,고구마(밤),1KG,5980,151
20220106,3500,토마토,1KG,5660,225
20220106,3504,토마토,1KG,8250,225
20220106,3500,파,1KG,2330,246
20220106,3504,파,1KG,2680,246
20220106,3504,방울토마토,1KG,11500,422
20220106,3500,건미역,1KG,1730,642
20220106,3504,건미역,1KG,2490,642
20220106,3500,찹쌀,1KG,3500,112
20220106,3504,찹쌀,1KG,6980,112
20220106,3504,얼갈이배추,1KG(단),2650,215
20220106,3500,파,1KG,4670,246
20220107,3504,얼갈이배추,1KG(단),2650,215
20220107,3500,토마토,1KG,5660,225
20220107,3504,토마토,1KG,8250,225
20220107,3504,방울토마토,1KG,11500,422
20220107,3500,파,1KG,4670,246
20220107,3500,찹쌀,1KG,3500,112
20220107,3504,찹쌀,1KG,6980,112
20220107,3500,생강,1KG,6000,247
20220107,3504,생강,1KG,10670,247
20220107,3500,건미역,1KG,1730,642
20220107,3504,건미역,1KG,2490,642
20220107,3500,당근,1KG,3000,232
20220107,3504,당근,1KG,2980,232
20220107,3500,고춧가루,1KG,24600,248
20220107,3504,고춧가루,1KG,27960,248
20220107,3500,고춧가루,1KG,10000,248
20220107,3504,고춧가루,1KG,12800,248
20220107,3500,굴,1KG,16000,644
20220107,3504,굴,1KG,29800,644
20220107,3500,미나리,1KG,750,252
20220107,3500,양파,1KG,2000,245
20220107,3504,양파,1KG,1990,245
20220107,3500,새우젓,1KG,17500,650
20220107,3504,새우젓,1KG,25800,650
20220107,3500,파,1KG,2330,246
20220107,3504,파,1KG,2680,246
20220107,3500,고구마(밤),1KG,5000,151
20220107,3504,고구마(밤),1KG,5980,151
20220107,3500,멸치액젓,1KG,4330,651
20220107,3504,멸치액젓,1KG,5040,651
20220108,3500,당근,1KG,3000,232
20220108,3504,당근,1KG,2980,232
20220108,3500,찹쌀,1KG,3500,112
20220108,3504,찹쌀,1KG,6980,112
20220108,3500,미나리,1KG,750,252
20220108,3500,양파,1KG,2000,245
20220108,3504,양파,1KG,1990,245
20220108,3500,파,1KG,2330,246
20220108,3504,파,1KG,2680,246
20220108,3504,얼갈이배추,1KG(단),2650,215
20220108,3500,고구마(밤),1KG,5000,151
20220108,3504,고구마(밤),1KG,5980,151
20220108,3500,파,1KG,4670,246
20220108,3500,생강,1KG,6000,247
20220108,3504,생강,1KG,10670,247
20220108,3500,토마토,1KG,5660,225
20220108,3504,토마토,1KG,8250,225
20220108,3504,방울토마토,1KG,11500,422
20220108,3500,고춧가루,1KG,24600,248
20220108,3504,고춧가루,1KG,27960,248
20220108,3500,고춧가루,1KG,10000,248
20220108,3504,고춧가루,1KG,12800,248
20220109,3504,얼갈이배추,1KG(단),2650,215
20220109,3500,생강,1KG,6000,247
20220109,3504,생강,1KG,10670,247
20220109,3500,고춧가루,1KG,24600,248
20220109,3504,고춧가루,1KG,27960,248
20220109,3504,방울토마토,1KG,11500,422
20220109,3500,양파,1KG,2000,245
20220109,3504,양파,1KG,1990,245
20220109,3500,파,1KG,2330,246
20220109,3504,파,1KG,2680,246
20220109,3500,파,1KG,4670,246
20220109,3500,당근,1KG,3000,232
20220109,3504,당근,1KG,2980,232
20220109,3500,고구마(밤),1KG,5000,151
20220109,3504,고구마(밤),1KG,5980,151
20220109,3500,찹쌀,1KG,3500,112
20220109,3504,찹쌀,1KG,6980,112
20220109,3500,토마토,1KG,5660,225
20220109,3504,토마토,1KG,8250,225
20220109,3500,고춧가루,1KG,10000,248
20220109,3504,고춧가루,1KG,12800,248
20220109,3500,미나리,1KG,750,252
20220110,3500,고춧가루,1KG,10000,248
20220110,3504,고춧가루,1KG,12800,248
20220110,3504,얼갈이배추,1KG(단),2650,215
20220110,3500,미나리,1KG,750,252
20220110,3500,찹쌀,1KG,3500,112
20220110,3504,찹쌀,1KG,6980,112
20220110,3500,토마토,1KG,5660,225
20220110,3504,토마토,1KG,8250,225
20220110,3504,고구마(밤),1KG,5980,151
20220110,3500,건미역,1KG,1730,642
20220110,3504,건미역,1KG,2490,642
20220110,3504,방울토마토,1KG,11500,422
20220110,3500,굴,1KG,16000,644
20220110,3504,굴,1KG,25800,644
20220110,3500,파,1KG,5000,246
20220110,3500,양파,1KG,2000,245
20220110,3504,양파,1KG,1990,245
20220110,3500,생강,1KG,6000,247
20220110,3504,생강,1KG,10670,247
20220110,3500,멸치액젓,1KG,4330,651
20220110,3504,멸치액젓,1KG,5040,651
20220110,3500,당근,1KG,3000,232
20220110,3504,당근,1KG,2980,232
20220110,3500,고춧가루,1KG,24600,248
20220110,3504,고춧가루,1KG,27960,248
20220110,3500,고구마(밤),1KG,5000,151
20220110,3500,새우젓,1KG,17500,650
20220110,3504,새우젓,1KG,25800,650
20220110,3500,파,1KG,2330,246
20220110,3504,파,1KG,2680,246
20220111,3500,파,1KG,2330,246
20220111,3504,파,1KG,2680,246
20220111,3500,시금치,1KG,4000,213
20220111,3500,생강,1KG,6000,247
20220111,3504,생강,1KG,10670,247
20220111,3500,고구마(밤),1KG,5000,151
20220111,3504,고구마(밤),1KG,5980,151
20220111,3500,양파,1KG,2000,245
20220111,3504,양파,1KG,1990,245
20220111,3500,고춧가루,1KG,24600,248
20220111,3504,고춧가루,1KG,27960,248
20220111,3500,당근,1KG,3000,232
20220111,3504,당근,1KG,2980,232
20220111,3500,토마토,1KG,5660,225
20220111,3504,토마토,1KG,8250,225
20220111,3500,고춧가루,1KG,10000,248
20220111,3504,고춧가루,1KG,12800,248
20220111,3500,미나리,1KG,710,252
20220111,3500,찹쌀,1KG,3500,112
20220111,3504,찹쌀,1KG,6980,112
20220111,3504,얼갈이배추,1KG(단),2650,215
20220111,3500,멸치액젓,1KG,4330,651
20220111,3504,멸치액젓,1KG,5040,651
20220111,3500,파,1KG,5000,246
20220111,3500,건미역,1KG,1730,642
20220111,3504,건미역,1KG,2490,642
20220111,3500,굴,1KG,16000,644
20220111,3504,굴,1KG,29800,644
20220111,3500,새우젓,1KG,17500,650
20220111,3504,새우젓,1KG,25800,650
20220111,3504,방울토마토,1KG,11500,422
20220112,3500,파,1KG,5330,246
20220112,3504,얼갈이배추,1KG(단),2650,215
20220112,3500,생강,1KG,6000,247
20220112,3500,찹쌀,1KG,3500,112
20220112,3504,찹쌀,1KG,6980,112
20220112,3500,시금치,1KG,4000,213
20220112,3500,건미역,1KG,1730,642
20220112,3504,건미역,1KG,2490,642
20220112,3500,굴,1KG,16000,644
20220112,3500,고구마(밤),1KG,5000,151
20220112,3504,고구마(밤),1KG,5980,151
20220112,3500,당근,1KG,3000,232
20220112,3504,당근,1KG,2980,232
20220112,3504,생강,1KG,10670,247
20220112,3504,굴,1KG,39800,644
20220112,3500,새우젓,1KG,17500,650
20220112,3504,새우젓,1KG,25800,650
20220112,3500,토마토,1KG,5660,225
20220112,3504,토마토,1KG,8250,225
20220112,3500,양파,1KG,2000,245
20220112,3500,고춧가루,1KG,24600,248
20220112,3504,고춧가루,1KG,27960,248
20220112,3504,양파,1KG,1990,245
20220112,3500,고춧가루,1KG,10000,248
20220112,3504,고춧가루,1KG,12800,248
20220112,3500,미나리,1KG,710,252
20220112,3500,파,1KG,2330,246
20220112,3504,파,1KG,2680,246
20220112,3500,멸치액젓,1KG,4330,651
20220112,3504,멸치액젓,1KG,5040,651
20220112,3504,방울토마토,1KG,11500,422
20220113,3504,방울토마토,1KG,11500,422
20220113,3500,고춧가루,1KG,24600,248
20220113,3504,고춧가루,1KG,27960,248
20220113,3500,양파,1KG,2000,245
20220113,3504,양파,1KG,1490,245
20220113,3500,건미역,1KG,1730,642
20220113,3504,건미역,1KG,2990,642
20220113,3500,찹쌀,1KG,3500,112
20220113,3504,찹쌀,1KG,6980,112
20220113,3500,당근,1KG,3000,232
20220113,3504,당근,1KG,2980,232
20220113,3500,고춧가루,1KG,10000,248
20220113,3504,고춧가루,1KG,12800,248
20220113,3500,미나리,1KG,710,252
20220113,3500,고구마(밤),1KG,5000,151
20220113,3504,고구마(밤),1KG,5980,151
20220113,3500,시금치,1KG,4000,213
20220113,3500,굴,1KG,16000,644
20220113,3504,굴,1KG,29800,644
20220113,3500,토마토,1KG,5660,225
20220113,3504,토마토,1KG,8250,225
20220113,3500,파,1KG,2330,246
20220113,3504,파,1KG,2680,246
20220113,3500,파,1KG,5330,246
20220113,3500,새우젓,1KG,17500,650
20220113,3504,새우젓,1KG,25800,650
20220113,3500,생강,1KG,6000,247
20220113,3504,생강,1KG,10670,247
20220113,3500,멸치액젓,1KG,4330,651
20220113,3504,멸치액젓,1KG,5040,651
20220113,3504,얼갈이배추,1KG(단),3050,215
20220114,3504,고춧가루,1KG,27960,248
20220114,3500,양파,1KG,2000,245
20220114,3504,양파,1KG,1490,245
20220114,3504,얼갈이배추,1KG(단),3050,215
20220114,3500,토마토,1KG,5660,225
20220114,3504,토마토,1KG,8250,225
20220114,3500,파,1KG,2330,246
20220114,3504,파,1KG,2680,246
20220114,3504,방울토마토,1KG,11500,422
20220114,3500,파,1KG,5330,246
20220114,3500,찹쌀,1KG,3500,112
20220114,3504,찹쌀,1KG,6980,112
20220114,3500,생강,1KG,6000,247
20220114,3504,생강,1KG,10670,247
20220114,3500,새우젓,1KG,17500,650
20220114,3504,새우젓,1KG,25800,650
20220114,3500,멸치액젓,1KG,4330,651
20220114,3504,멸치액젓,1KG,5040,651
20220114,3500,고구마(밤),1KG,5000,151
20220114,3504,고구마(밤),1KG,5980,151
20220114,3500,고춧가루,1KG,24600,248
20220114,3500,시금치,1KG,4000,213
20220114,3500,당근,1KG,3000,232
20220114,3504,당근,1KG,2980,232
20220114,3500,고춧가루,1KG,10000,248
20220114,3504,고춧가루,1KG,12800,248
20220114,3500,미나리,1KG,710,252
20220114,3500,건미역,1KG,1730,642
20220114,3504,건미역,1KG,2990,642
20220114,3500,굴,1KG,16000,644
20220114,3504,굴,1KG,29800,644
20220115,3500,양파,1KG,2000,245
20220115,3504,양파,1KG,1490,245
20220115,3500,고구마(밤),1KG,5000,151
20220115,3504,고구마(밤),1KG,5980,151
20220115,3500,토마토,1KG,5660,225
20220115,3504,토마토,1KG,8250,225
20220115,3500,파,1KG,5330,246
20220115,3500,파,1KG,2330,246
20220115,3504,파,1KG,2680,246
20220115,3504,얼갈이배추,1KG(단),3050,215
20220115,3500,생강,1KG,6000,247
20220115,3504,생강,1KG,10670,247
20220115,3500,찹쌀,1KG,3500,112
20220115,3504,찹쌀,1KG,6980,112
20220115,3500,고춧가루,1KG,24600,248
20220115,3504,고춧가루,1KG,27960,248
20220115,3500,당근,1KG,3000,232
20220115,3504,당근,1KG,2980,232
20220115,3500,고춧가루,1KG,10000,248
20220115,3504,고춧가루,1KG,12800,248
20220115,3504,방울토마토,1KG,11500,422
20220115,3500,시금치,1KG,4000,213
20220115,3500,미나리,1KG,710,252
20220116,3500,당근,1KG,3000,232
20220116,3504,당근,1KG,2980,232
20220116,3500,고춧가루,1KG,24600,248
20220116,3504,고춧가루,1KG,27960,248
20220116,3500,파,1KG,2330,246
20220116,3504,파,1KG,2680,246
20220116,3504,방울토마토,1KG,11500,422
20220116,3500,고춧가루,1KG,10000,248
20220116,3504,고춧가루,1KG,12800,248
20220116,3500,시금치,1KG,4000,213
20220116,3500,찹쌀,1KG,3500,112
20220116,3504,찹쌀,1KG,6980,112
20220116,3500,토마토,1KG,5660,225
20220116,3504,토마토,1KG,8250,225
20220116,3500,미나리,1KG,710,252
20220116,3500,파,1KG,5330,246
20220116,3500,생강,1KG,6000,247
20220116,3504,생강,1KG,10670,247
20220116,3500,양파,1KG,2000,245
20220116,3504,양파,1KG,1490,245
20220116,3504,얼갈이배추,1KG(단),3050,215
20220116,3500,고구마(밤),1KG,5000,151
20220116,3504,고구마(밤),1KG,5980,151
20220117,3500,시금치,1KG,4000,213
20220117,3500,양파,1KG,2000,245
20220117,3504,양파,1KG,1490,245
20220117,3500,멸치액젓,1KG,4010,651
20220117,3504,멸치액젓,1KG,5040,651
20220117,3500,파,1KG,2330,246
20220117,3504,파,1KG,2680,246
20220117,3500,새우젓,1KG,17500,650
20220117,3504,새우젓,1KG,25800,650
20220117,3504,얼갈이배추,1KG(단),3050,215
20220117,3500,파,1KG,5660,246
20220117,3500,찹쌀,1KG,3500,112
20220117,3500,생강,1KG,6000,247
20220117,3504,생강,1KG,10670,247
20220117,3504,찹쌀,1KG,6980,112
20220117,3500,고춧가루,1KG,24600,248
20220117,3504,고춧가루,1KG,12000,248
20220117,3500,당근,1KG,3000,232
20220117,3504,당근,1KG,2980,232
20220117,3504,방울토마토,1KG,11500,422
20220117,3500,고춧가루,1KG,10000,248
20220117,3504,고춧가루,1KG,12800,248
20220117,3500,미나리,1KG,710,252
20220117,3500,고구마(밤),1KG,5000,151
20220117,3504,고구마(밤),1KG,5980,151
20220117,3500,건미역,1KG,1730,642
20220117,3504,건미역,1KG,2990,642
20220117,3500,굴,1KG,16000,644
20220117,3504,굴,1KG,31800,644
20220117,3500,토마토,1KG,5660,225
20220117,3504,토마토,1KG,8250,225
20220118,3500,고춧가루,1KG,24600,248
20220118,3504,고춧가루,1KG,12000,248
20220118,3500,시금치,1KG,4000,213
20220118,3500,토마토,1KG,5660,225
20220118,3504,토마토,1KG,8250,225
20220118,3500,파,1KG,2330,246
20220118,3504,파,1KG,2680,246
20220118,3500,당근,1KG,3000,232
20220118,3504,당근,1KG,2980,232
20220118,3500,고춧가루,1KG,10000,248
20220118,3504,고춧가루,1KG,12800,248
20220118,3500,찹쌀,1KG,3500,112
20220118,3504,찹쌀,1KG,6980,112
20220118,3500,건미역,1KG,1730,642
20220118,3504,건미역,1KG,2990,642
20220118,3500,미나리,1KG,710,252
20220118,3500,파,1KG,6000,246
20220118,3500,굴,1KG,16000,644
20220118,3504,굴,1KG,29800,644
20220118,3500,새우젓,1KG,17500,650
20220118,3504,새우젓,1KG,25800,650
20220118,3500,양파,1KG,2000,245
20220118,3504,양파,1KG,1490,245
20220118,3500,생강,1KG,6000,247
20220118,3504,생강,1KG,10670,247
20220118,3504,방울토마토,1KG,11500,422
20220118,3500,멸치액젓,1KG,4010,651
20220118,3504,멸치액젓,1KG,5040,651
20220118,3500,고구마(밤),1KG,5000,151
20220118,3504,고구마(밤),1KG,5980,151
20220118,3504,얼갈이배추,1KG(단),3050,215
20220119,3500,파,1KG,6000,246
20220119,3500,생강,1KG,6000,247
20220119,3504,생강,1KG,10670,247
20220119,3500,새우젓,1KG,17500,650
20220119,3504,새우젓,1KG,25800,650
20220119,3504,방울토마토,1KG,11500,422
20220119,3504,얼갈이배추,1KG(단),3050,215
20220119,3500,고춧가루,1KG,24600,248
20220119,3504,고춧가루,1KG,12000,248
20220119,3500,양파,1KG,2000,245
20220119,3504,양파,1KG,1490,245
20220119,3500,시금치,1KG,4330,213
20220119,3500,당근,1KG,3000,232
20220119,3504,당근,1KG,2980,232
20220119,3500,멸치액젓,1KG,4350,651
20220119,3504,멸치액젓,1KG,5040,651
20220119,3500,찹쌀,1KG,3500,112
20220119,3504,찹쌀,1KG,6980,112
20220119,3500,고구마(밤),1KG,5000,151
20220119,3504,고구마(밤),1KG,5980,151
20220119,3500,고춧가루,1KG,10000,248
20220119,3504,고춧가루,1KG,12800,248
20220119,3500,미나리,1KG,710,252
20220119,3500,건미역,1KG,1730,642
20220119,3504,건미역,1KG,2990,642
20220119,3500,토마토,1KG,5660,225
20220119,3504,토마토,1KG,8250,225
20220119,3500,파,1KG,2160,246
20220119,3504,파,1KG,2680,246
20220119,3500,굴,1KG,16000,644
20220119,3504,굴,1KG,29800,644
20220120,3504,고춧가루,1KG,12000,248
20220120,3500,건미역,1KG,1730,642
20220120,3504,건미역,1KG,2990,642
20220120,3500,파,1KG,6000,246
20220120,3500,찹쌀,1KG,3500,112
20220120,3504,찹쌀,1KG,6980,112
20220120,3500,굴,1KG,16000,644
20220120,3504,굴,1KG,29800,644
20220120,3504,얼갈이배추,1KG(단),3320,215
20220120,3500,생강,1KG,6000,247
20220120,3504,생강,1KG,10670,247
20220120,3500,새우젓,1KG,17500,650
20220120,3504,새우젓,1KG,25800,650
20220120,3500,고춧가루,1KG,24600,248
20220120,3500,멸치액젓,1KG,4350,651
20220120,3504,멸치액젓,1KG,5040,651
20220120,3500,당근,1KG,3000,232
20220120,3504,당근,1KG,2980,232
20220120,3500,고춧가루,1KG,10000,248
20220120,3504,고춧가루,1KG,12800,248
20220120,3500,미나리,1KG,710,252
20220120,3500,시금치,1KG,4660,213
20220120,3500,고구마(밤),1KG,5000,151
20220120,3504,고구마(밤),1KG,5980,151
20220120,3500,양파,1KG,2000,245
20220120,3504,양파,1KG,1990,245
20220120,3504,방울토마토,1KG,11500,422
20220120,3500,파,1KG,2160,246
20220120,3504,파,1KG,2680,246
20220120,3500,토마토,1KG,5660,225
20220120,3504,토마토,1KG,8250,225
20220121,3500,생강,1KG,6000,247
20220121,3504,생강,1KG,10670,247
20220121,3500,당근,1KG,3000,232
20220121,3504,당근,1KG,2980,232
20220121,3500,고춧가루,1KG,24600,248
20220121,3504,고춧가루,1KG,12000,248
20220121,3500,고춧가루,1KG,10000,248
20220121,3504,고춧가루,1KG,12800,248
20220121,3500,양파,1KG,2000,245
20220121,3504,양파,1KG,1990,245
20220121,3500,고구마(밤),1KG,5000,151
20220121,3504,고구마(밤),1KG,5980,151
20220121,3500,미나리,1KG,710,252
20220121,3504,방울토마토,1KG,11500,422
20220121,3500,토마토,1KG,5660,225
20220121,3504,토마토,1KG,8250,225
20220121,3500,파,1KG,2160,246
20220121,3504,파,1KG,2680,246
20220121,3500,찹쌀,1KG,3500,112
20220121,3504,찹쌀,1KG,6980,112
20220121,3504,얼갈이배추,1KG(단),3320,215
20220121,3500,파,1KG,6000,246
20220121,3500,시금치,1KG,4660,213
20220122,3500,고구마(밤),1KG,5000,151
20220122,3504,고구마(밤),1KG,5980,151
20220122,3504,얼갈이배추,1KG(단),3320,215
20220122,3500,토마토,1KG,5660,225
20220122,3504,토마토,1KG,8250,225
20220122,3500,파,1KG,2160,246
20220122,3504,파,1KG,2680,246
20220122,3500,고춧가루,1KG,24600,248
20220122,3504,고춧가루,1KG,12000,248
20220122,3500,고춧가루,1KG,10000,248
20220122,3500,찹쌀,1KG,3500,112
20220122,3504,찹쌀,1KG,6980,112
20220122,3504,방울토마토,1KG,11500,422
20220122,3500,파,1KG,6000,246
20220122,3500,시금치,1KG,4660,213
20220122,3500,당근,1KG,3000,232
20220122,3504,당근,1KG,2980,232
20220122,3504,고춧가루,1KG,12800,248
20220122,3500,미나리,1KG,710,252
20220122,3500,양파,1KG,2000,245
20220122,3504,양파,1KG,1990,245
20220122,3500,생강,1KG,6000,247
20220122,3504,생강,1KG,10670,247
20220123,3500,당근,1KG,3000,232
20220123,3504,당근,1KG,2980,232
20220123,3500,고춧가루,1KG,10000,248
20220123,3504,고춧가루,1KG,12800,248
20220123,3500,파,1KG,2160,246
20220123,3504,파,1KG,2680,246
20220123,3500,고구마(밤),1KG,5000,151
20220123,3504,고구마(밤),1KG,5980,151
20220123,3500,미나리,1KG,710,252
20220123,3504,얼갈이배추,1KG(단),3320,215
20220123,3504,방울토마토,1KG,11500,422
20220123,3500,생강,1KG,6000,247
20220123,3504,생강,1KG,10670,247
20220123,3500,시금치,1KG,4660,213
20220123,3500,고춧가루,1KG,24600,248
20220123,3500,양파,1KG,2000,245
20220123,3504,양파,1KG,1990,245
20220123,3500,파,1KG,6000,246
20220123,3500,찹쌀,1KG,3500,112
20220123,3504,찹쌀,1KG,6980,112
20220123,3500,토마토,1KG,5660,225
20220123,3504,토마토,1KG,8250,225
20220124,3500,찹쌀,1KG,3500,112
20220124,3504,찹쌀,1KG,6980,112
20220124,3500,양파,1KG,2000,245
20220124,3504,양파,1KG,1990,245
20220124,3504,얼갈이배추,1KG(단),3320,215
20220124,3500,파,1KG,2160,246
20220124,3504,파,1KG,2680,246
20220124,3500,건미역,1KG,1730,642
20220124,3504,건미역,1KG,2990,642
20220124,3500,파,1KG,6000,246
20220124,3500,굴,1KG,16000,644
20220124,3504,굴,1KG,29800,644
20220124,3500,시금치,1KG,4660,213
20220124,3500,고춧가루,1KG,24600,248
20220124,3504,고춧가루,1KG,38400,248
20220124,3500,새우젓,1KG,17500,650
20220124,3504,새우젓,1KG,25800,650
20220124,3500,고춧가루,1KG,10000,248
20220124,3504,고춧가루,1KG,12800,248
20220124,3504,방울토마토,1KG,11500,422
20220124,3500,생강,1KG,6000,247
20220124,3504,생강,1KG,10670,247
20220124,3500,미나리,1KG,710,252
20220124,3500,당근,1KG,3000,232
20220124,3504,당근,1KG,2980,232
20220124,3500,고구마(밤),1KG,5000,151
20220124,3504,고구마(밤),1KG,5980,151
20220124,3500,멸치액젓,1KG,4350,651
20220124,3504,멸치액젓,1KG,5040,651
20220124,3500,토마토,1KG,5660,225
20220124,3504,토마토,1KG,8250,225
20220125,3500,고춧가루,1KG,24600,248
20220125,3504,고춧가루,1KG,38400,248
20220125,3504,얼갈이배추,1KG(단),3320,215
20220125,3500,당근,1KG,3000,232
20220125,3504,당근,1KG,2980,232
20220125,3500,양파,1KG,2000,245
20220125,3504,양파,1KG,1990,245
20220125,3500,고구마(밤),1KG,5000,151
20220125,3504,고구마(밤),1KG,5980,151
20220125,3500,고춧가루,1KG,10000,248
20220125,3504,고춧가루,1KG,12800,248
20220125,3500,미나리,1KG,830,252
20220125,3500,멸치액젓,1KG,4350,651
20220125,3504,멸치액젓,1KG,5040,651
20220125,3500,토마토,1KG,5330,225
20220125,3504,토마토,1KG,8250,225
20220125,3500,파,1KG,2160,246
20220125,3504,파,1KG,2680,246
20220125,3500,건미역,1KG,1730,642
20220125,3504,건미역,1KG,2990,642
20220125,3500,시금치,1KG,4660,213
20220125,3500,파,1KG,6670,246
20220125,3500,찹쌀,1KG,3500,112
20220125,3504,찹쌀,1KG,6980,112
20220125,3500,굴,1KG,15300,644
20220125,3504,굴,1KG,25800,644
20220125,3500,생강,1KG,6000,247
20220125,3504,생강,1KG,10670,247
20220125,3500,새우젓,1KG,17500,650
20220125,3504,새우젓,1KG,25800,650
20220125,3504,방울토마토,1KG,11500,422
20220126,3500,파,1KG,2000,246
20220126,3504,파,1KG,2680,246
20220126,3500,굴,1KG,15300,644
20220126,3504,굴,1KG,29800,644
20220126,3504,얼갈이배추,1KG(단),3320,215
20220126,3500,새우젓,1KG,17500,650
20220126,3504,새우젓,1KG,25800,650
20220126,3500,찹쌀,1KG,3500,112
20220126,3504,찹쌀,1KG,6980,112
20220126,3500,파,1KG,6670,246
20220126,3500,멸치액젓,1KG,4350,651
20220126,3504,멸치액젓,1KG,5040,651
20220126,3500,생강,1KG,6000,247
20220126,3504,생강,1KG,10670,247
20220126,3504,방울토마토,1KG,11500,422
20220126,3500,고춧가루,1KG,24600,248
20220126,3500,시금치,1KG,4660,213
20220126,3500,당근,1KG,3000,232
20220126,3504,당근,1KG,2980,232
20220126,3504,고춧가루,1KG,38400,248
20220126,3500,고춧가루,1KG,10000,248
20220126,3504,고춧가루,1KG,12800,248
20220126,3500,양파,1KG,2000,245
20220126,3504,양파,1KG,1990,245
20220126,3500,미나리,1KG,920,252
20220126,3500,고구마(밤),1KG,5000,151
20220126,3504,고구마(밤),1KG,5980,151
20220126,3500,건미역,1KG,1730,642
20220126,3504,건미역,1KG,2990,642
20220126,3500,토마토,1KG,5330,225
20220126,3504,토마토,1KG,8250,225
20220127,3500,찹쌀,1KG,3500,112
20220127,3504,찹쌀,1KG,6980,112
20220127,3500,고구마(밤),1KG,5000,151
20220127,3504,고구마(밤),1KG,5980,151
20220127,3500,건미역,1KG,1730,642
20220127,3504,건미역,1KG,2990,642
20220127,3500,생강,1KG,6000,247
20220127,3504,생강,1KG,10670,247
20220127,3500,굴,1KG,15300,644
20220127,3504,굴,1KG,29800,644
20220127,3500,당근,1KG,3000,232
20220127,3504,당근,1KG,2980,232
20220127,3500,고춧가루,1KG,24600,248
20220127,3504,고춧가루,1KG,38400,248
20220127,3500,새우젓,1KG,17500,650
20220127,3504,새우젓,1KG,25800,650
20220127,3500,고춧가루,1KG,10000,248
20220127,3504,고춧가루,1KG,12800,248
20220127,3500,미나리,1KG,920,252
20220127,3500,시금치,1KG,4660,213
20220127,3500,멸치액젓,1KG,4350,651
20220127,3504,멸치액젓,1KG,5040,651
20220127,3500,토마토,1KG,5330,225
20220127,3504,토마토,1KG,8250,225
20220127,3500,양파,1KG,2000,245
20220127,3504,양파,1KG,1990,245
20220127,3504,얼갈이배추,1KG(단),4220,215
20220127,3504,방울토마토,1KG,11500,422
20220127,3500,파,1KG,2000,246
20220127,3504,파,1KG,2680,246
20220127,3500,파,1KG,6670,246
20220128,3500,양파,1KG,2000,245
20220128,3504,양파,1KG,1990,245
20220128,3500,파,1KG,6670,246
20220128,3500,건미역,1KG,1730,642
20220128,3504,건미역,1KG,2990,642
20220128,3500,시금치,1KG,5000,213
20220128,3500,굴,1KG,15300,644
20220128,3504,굴,1KG,29800,644
20220128,3504,방울토마토,1KG,11500,422
20220128,3500,생강,1KG,6000,247
20220128,3504,생강,1KG,10670,247
20220128,3500,고구마(밤),1KG,5000,151
20220128,3504,고구마(밤),1KG,5980,151
20220128,3500,새우젓,1KG,17500,650
20220128,3504,새우젓,1KG,25800,650
20220128,3500,고춧가루,1KG,24600,248
20220128,3504,고춧가루,1KG,38400,248
20220128,3504,얼갈이배추,1KG(단),4220,215
20220128,3500,멸치액젓,1KG,4350,651
20220128,3504,멸치액젓,1KG,5040,651
20220128,3500,고춧가루,1KG,10000,248
20220128,3504,고춧가루,1KG,12800,248
20220128,3500,미나리,1KG,920,252
20220128,3500,토마토,1KG,5330,225
20220128,3504,토마토,1KG,8250,225
20220128,3500,당근,1KG,3000,232
20220128,3504,당근,1KG,2980,232
20220128,3500,찹쌀,1KG,3500,112
20220128,3504,찹쌀,1KG,6980,112
20220128,3500,파,1KG,2000,246
20220128,3504,파,1KG,2680,246
20220131,3500,생강,1KG,6000,247
20220131,3504,생강,1KG,10670,247
20220131,3500,고춧가루,1KG,24600,248
20220131,3504,고춧가루,1KG,38400,248
20220131,3504,방울토마토,1KG,11500,422
20220131,3500,찹쌀,1KG,3500,112
20220131,3504,찹쌀,1KG,6980,112
20220131,3500,당근,1KG,3000,232
20220131,3504,당근,1KG,2980,232
20220131,3500,고춧가루,1KG,10000,248
20220131,3504,고춧가루,1KG,12800,248
20220131,3500,미나리,1KG,920,252
20220131,3500,양파,1KG,2000,245
20220131,3504,양파,1KG,1990,245
20220131,3500,고구마(밤),1KG,5000,151
20220131,3504,고구마(밤),1KG,5980,151
20220131,3500,시금치,1KG,5000,213
20220131,3500,파,1KG,2000,246
20220131,3504,파,1KG,2680,246
20220131,3504,얼갈이배추,1KG(단),4220,215
20220131,3500,파,1KG,6670,246
20220131,3500,토마토,1KG,5330,225
20220131,3504,토마토,1KG,8250,225
20220204,3500,생강,1KG,6000,247
20220204,3504,생강,1KG,10670,247
20220204,3504,방울토마토,1KG,11500,422
20220204,3500,당근,1KG,3000,232
20220204,3504,당근,1KG,2980,232
20220204,3500,고춧가루,1KG,24600,248
20220204,3504,고춧가루,1KG,38400,248
20220204,3500,시금치,1KG,5000,213
20220204,3500,고춧가루,1KG,10000,248
20220204,3504,고춧가루,1KG,12800,248
20220204,3500,미나리,1KG,920,252
20220204,3500,건미역,1KG,1730,642
20220204,3504,건미역,1KG,2490,642
20220204,3500,굴,1KG,15300,644
20220204,3504,굴,1KG,29800,644
20220204,3500,양파,1KG,2000,245
20220204,3504,양파,1KG,1990,245
20220204,3500,고구마(밤),1KG,5000,151
20220204,3504,고구마(밤),1KG,5980,151
20220204,3500,새우젓,1KG,17500,650
20220204,3504,새우젓,1KG,25800,650
20220204,3500,토마토,1KG,5330,225
20220204,3504,토마토,1KG,8250,225
20220204,3504,얼갈이배추,1KG(단),4220,215
20220204,3500,멸치액젓,1KG,4350,651
20220204,3504,멸치액젓,1KG,5040,651
20220204,3500,파,1KG,2180,246
20220204,3504,파,1KG,2580,246
20220204,3500,찹쌀,1KG,3500,112
20220204,3504,찹쌀,1KG,6980,112
20220204,3500,파,1KG,7080,246
20220205,3500,양파,1KG,2000,245
20220205,3504,양파,1KG,1990,245
20220205,3500,미나리,1KG,920,252
20220205,3500,파,1KG,2180,246
20220205,3504,파,1KG,2580,246
20220205,3500,토마토,1KG,5330,225
20220205,3504,토마토,1KG,8250,225
20220205,3500,파,1KG,7080,246
20220205,3500,찹쌀,1KG,3500,112
20220205,3504,찹쌀,1KG,6980,112
20220205,3504,얼갈이배추,1KG(단),4220,215
20220205,3504,방울토마토,1KG,11500,422
20220205,3500,고구마(밤),1KG,5000,151
20220205,3504,고구마(밤),1KG,5980,151
20220205,3500,생강,1KG,6000,247
20220205,3504,생강,1KG,10670,247
20220205,3500,시금치,1KG,5000,213
20220205,3500,당근,1KG,3000,232
20220205,3504,당근,1KG,2980,232
20220205,3500,고춧가루,1KG,24600,248
20220205,3504,고춧가루,1KG,38400,248
20220205,3500,고춧가루,1KG,10000,248
20220205,3504,고춧가루,1KG,12800,248
20220206,3500,당근,1KG,3000,232
20220206,3504,당근,1KG,2980,232
20220206,3500,파,1KG,2180,246
20220206,3504,파,1KG,2580,246
20220206,3500,시금치,1KG,5000,213
20220206,3500,파,1KG,7080,246
20220206,3500,고춧가루,1KG,10000,248
20220206,3504,고춧가루,1KG,12800,248
20220206,3500,미나리,1KG,920,252
20220206,3500,생강,1KG,6000,247
20220206,3504,생강,1KG,10670,247
20220206,3500,토마토,1KG,5330,225
20220206,3504,토마토,1KG,8250,225
20220206,3500,고구마(밤),1KG,5000,151
20220206,3504,고구마(밤),1KG,5980,151
20220206,3504,얼갈이배추,1KG(단),4220,215
20220206,3500,고춧가루,1KG,24600,248
20220206,3504,고춧가루,1KG,38400,248
20220206,3504,방울토마토,1KG,11500,422
20220206,3500,찹쌀,1KG,3500,112
20220206,3504,찹쌀,1KG,6980,112
20220206,3500,양파,1KG,2000,245
20220206,3504,양파,1KG,1990,245
20220207,3500,고춧가루,1KG,24600,248
20220207,3504,고춧가루,1KG,38400,248
20220207,3500,시금치,1KG,5000,213
20220207,3500,고춧가루,1KG,10000,248
20220207,3500,당근,1KG,3000,232
20220207,3504,당근,1KG,2980,232
20220207,3504,고춧가루,1KG,12800,248
20220207,3500,토마토,1KG,5330,225
20220207,3504,토마토,1KG,8250,225
20220207,3500,파,1KG,2180,246
20220207,3504,파,1KG,2580,246
20220207,3500,미나리,1KG,920,252
20220207,3500,파,1KG,7080,246
20220207,3504,얼갈이배추,1KG(단),4220,215
20220207,3500,멸치액젓,1KG,4350,651
20220207,3504,멸치액젓,1KG,5040,651
20220207,3500,찹쌀,1KG,3500,112
20220207,3504,찹쌀,1KG,6980,112
20220207,3500,고구마(밤),1KG,5000,151
20220207,3504,고구마(밤),1KG,5980,151
20220207,3504,방울토마토,1KG,11500,422
20220207,3500,생강,1KG,6000,247
20220207,3504,생강,1KG,10670,247
20220207,3500,건미역,1KG,1730,642
20220207,3504,건미역,1KG,2490,642
20220207,3500,굴,1KG,15300,644
20220207,3504,굴,1KG,29800,644
20220207,3500,양파,1KG,2000,245
20220207,3504,양파,1KG,1990,245
20220207,3500,새우젓,1KG,17500,650
20220207,3504,새우젓,1KG,25800,650
20220208,3500,시금치,1KG,5000,213
20220208,3500,양파,1KG,2000,245
20220208,3504,양파,1KG,1990,245
20220208,3504,굴,1KG,29800,644
20220208,3500,고구마(밤),1KG,5000,151
20220208,3504,고구마(밤),1KG,5980,151
20220208,3500,파,1KG,2180,246
20220208,3504,파,1KG,2580,246
20220208,3500,당근,1KG,3000,232
20220208,3504,당근,1KG,2980,232
20220208,3500,파,1KG,7080,246
20220208,3504,얼갈이배추,1KG(단),4220,215
20220208,3500,건미역,1KG,1730,642
20220208,3504,건미역,1KG,2490,642
20220208,3500,굴,1KG,14600,644
20220208,3500,새우젓,1KG,17500,650
20220208,3504,새우젓,1KG,25800,650
20220208,3504,방울토마토,1KG,11500,422
20220208,3500,멸치액젓,1KG,4350,651
20220208,3504,멸치액젓,1KG,5040,651
20220208,3500,찹쌀,1KG,3500,112
20220208,3504,찹쌀,1KG,6980,112
20220208,3500,생강,1KG,6000,247
20220208,3504,생강,1KG,10670,247
20220208,3500,토마토,1KG,5000,225
20220208,3504,토마토,1KG,8250,225
20220208,3500,고춧가루,1KG,24600,248
20220208,3504,고춧가루,1KG,38400,248
20220208,3500,고춧가루,1KG,10000,248
20220208,3504,고춧가루,1KG,12800,248
20220208,3500,미나리,1KG,880,252
20220209,3500,고춧가루,1KG,10000,248
20220209,3504,고춧가루,1KG,12800,248
20220209,3500,미나리,1KG,880,252
20220209,3500,시금치,1KG,5000,213
20220209,3500,당근,1KG,3000,232
20220209,3504,당근,1KG,2980,232
20220209,3500,양파,1KG,2000,245
20220209,3504,양파,1KG,1990,245
20220209,3500,고구마(밤),1KG,5000,151
20220209,3504,고구마(밤),1KG,5980,151
20220209,3504,방울토마토,1KG,11500,422
20220209,3500,토마토,1KG,5000,225
20220209,3504,토마토,1KG,8250,225
20220209,3500,파,1KG,2180,246
20220209,3504,파,1KG,2580,246
20220209,3500,파,1KG,7080,246
20220209,3504,얼갈이배추,1KG(단),4220,215
20220209,3500,생강,1KG,6000,247
20220209,3504,생강,1KG,10670,247
20220209,3500,찹쌀,1KG,3500,112
20220209,3504,찹쌀,1KG,6980,112
20220209,3500,고춧가루,1KG,24600,248
20220209,3504,고춧가루,1KG,38400,248
20220210,3500,찹쌀,1KG,3500,112
20220210,3504,찹쌀,1KG,6980,112
20220210,3500,고춧가루,1KG,24600,248
20220210,3504,고춧가루,1KG,38400,248
20220210,3500,고춧가루,1KG,10000,248
20220210,3504,고춧가루,1KG,12800,248
20220210,3504,방울토마토,1KG,11500,422
20220210,3500,당근,1KG,3000,232
20220210,3504,당근,1KG,2980,232
20220210,3500,미나리,1KG,880,252
20220210,3500,시금치,1KG,5000,213
20220210,3500,양파,1KG,2000,245
20220210,3500,파,1KG,7080,246
20220210,3504,양파,1KG,1990,245
20220210,3504,얼갈이배추,1KG(단),4220,215
20220210,3500,토마토,1KG,5000,225
20220210,3504,토마토,1KG,8250,225
20220210,3500,파,1KG,2180,246
20220210,3504,파,1KG,2580,246
20220210,3500,고구마(밤),1KG,5000,151
20220210,3504,고구마(밤),1KG,5980,151
20220210,3500,생강,1KG,6000,247
20220210,3504,생강,1KG,10670,247
20220211,3500,토마토,1KG,5000,225
20220211,3504,토마토,1KG,7420,225
20220211,3500,건미역,1KG,1730,642
20220211,3504,건미역,1KG,2490,642
20220211,3500,굴,1KG,14600,644
20220211,3504,굴,1KG,29800,644
20220211,3500,파,1KG,2090,246
20220211,3504,파,1KG,2580,246
20220211,3500,새우젓,1KG,17500,650
20220211,3504,새우젓,1KG,25800,650
20220211,3504,방울토마토,1KG,9830,422
20220211,3500,멸치액젓,1KG,4350,651
20220211,3504,멸치액젓,1KG,5330,651
20220211,3500,파,1KG,7500,246
20220211,3500,고구마(밤),1KG,5000,151
20220211,3504,고구마(밤),1KG,5490,151
20220211,3500,생강,1KG,6330,247
20220211,3504,생강,1KG,10670,247
20220211,3504,얼갈이배추,1KG(단),3910,215
20220211,3500,당근,1KG,3000,232
20220211,3504,당근,1KG,2980,232
20220211,3500,고춧가루,1KG,24600,248
20220211,3504,고춧가루,1KG,38400,248
20220211,3500,찹쌀,1KG,3500,112
20220211,3504,찹쌀,1KG,6980,112
20220211,3500,고춧가루,1KG,10000,248
20220211,3504,고춧가루,1KG,12800,248
20220211,3500,양파,1KG,2000,245
20220211,3500,미나리,1KG,750,252
20220211,3504,양파,1KG,2210,245
20220211,3500,시금치,1KG,5000,213
20220212,3500,생강,1KG,6330,247
20220212,3504,생강,1KG,10670,247
20220212,3500,고춧가루,1KG,24600,248
20220212,3504,고춧가루,1KG,38400,248
20220212,3504,방울토마토,1KG,9830,422
20220212,3500,찹쌀,1KG,3500,112
20220212,3504,찹쌀,1KG,6980,112
20220212,3500,당근,1KG,3000,232
20220212,3504,당근,1KG,2980,232
20220212,3500,고춧가루,1KG,10000,248
20220212,3504,고춧가루,1KG,12800,248
20220212,3500,미나리,1KG,750,252
20220212,3504,얼갈이배추,1KG(단),3910,215
20220212,3500,양파,1KG,2000,245
20220212,3504,양파,1KG,2210,245
20220212,3500,고구마(밤),1KG,5000,151
20220212,3504,고구마(밤),1KG,5490,151
20220212,3500,토마토,1KG,5000,225
20220212,3504,토마토,1KG,7420,225
20220212,3500,파,1KG,2090,246
20220212,3504,파,1KG,2580,246
20220212,3500,파,1KG,7500,246
20220213,3504,얼갈이배추,1KG(단),3910,215
20220213,3500,토마토,1KG,5000,225
20220213,3504,토마토,1KG,7420,225
20220213,3500,파,1KG,2090,246
20220213,3504,파,1KG,2580,246
20220213,3500,찹쌀,1KG,3500,112
20220213,3504,찹쌀,1KG,6980,112
20220213,3500,파,1KG,7500,246
20220213,3500,생강,1KG,6330,247
20220213,3504,생강,1KG,10670,247
20220213,3500,당근,1KG,3000,232
20220213,3504,당근,1KG,2980,232
20220213,3500,고춧가루,1KG,24600,248
20220213,3504,고춧가루,1KG,38400,248
20220213,3500,고구마(밤),1KG,5000,151
20220213,3504,고구마(밤),1KG,5490,151
20220213,3500,고춧가루,1KG,10000,248
20220213,3504,고춧가루,1KG,12800,248
20220213,3500,미나리,1KG,750,252
20220213,3504,방울토마토,1KG,9830,422
20220213,3500,양파,1KG,2000,245
20220213,3504,양파,1KG,2210,245
20220214,3500,고춧가루,1KG,10000,248
20220214,3504,고춧가루,1KG,12800,248
20220214,3500,미나리,1KG,750,252
20220214,3500,찹쌀,1KG,3500,112
20220214,3504,찹쌀,1KG,6980,112
20220214,3500,양파,1KG,2000,245
20220214,3504,양파,1KG,2210,245
20220214,3500,토마토,1KG,5000,225
20220214,3504,토마토,1KG,7420,225
20220214,3500,파,1KG,2090,246
20220214,3504,파,1KG,2580,246
20220214,3500,파,1KG,7500,246
20220214,3504,방울토마토,1KG,9830,422
20220214,3500,생강,1KG,6330,247
20220214,3504,생강,1KG,10670,247
20220214,3500,고구마(밤),1KG,5000,151
20220214,3504,얼갈이배추,1KG(단),3910,215
20220214,3500,고춧가루,1KG,24600,248
20220214,3504,고춧가루,1KG,38400,248
20220214,3504,고구마(밤),1KG,5490,151
20220214,3500,당근,1KG,3000,232
20220214,3504,당근,1KG,2980,232
20220215,3500,토마토,1KG,5330,225
20220215,3504,토마토,1KG,7420,225
20220215,3500,파,1KG,2000,246
20220215,3504,파,1KG,2580,246
20220215,3504,얼갈이배추,1KG(단),3910,215
20220215,3500,파,1KG,7500,246
20220215,3500,찹쌀,1KG,3500,112
20220215,3504,찹쌀,1KG,6980,112
20220215,3500,생강,1KG,6330,247
20220215,3504,생강,1KG,10670,247
20220215,3500,건미역,1KG,1730,642
20220215,3504,건미역,1KG,2490,642
20220215,3500,굴,1KG,14600,644
20220215,3504,굴,1KG,29800,644
20220215,3500,고춧가루,1KG,24600,248
20220215,3504,고춧가루,1KG,38400,248
20220215,3500,새우젓,1KG,17500,650
20220215,3504,새우젓,1KG,25800,650
20220215,3500,당근,1KG,3000,232
20220215,3504,당근,1KG,2980,232
20220215,3500,고춧가루,1KG,10000,248
20220215,3504,고춧가루,1KG,12800,248
20220215,3500,미나리,1KG,670,252
20220215,3500,멸치액젓,1KG,4350,651
20220215,3504,멸치액젓,1KG,5330,651
20220215,3504,방울토마토,1KG,9830,422
20220215,3500,양파,1KG,2000,245
20220215,3504,양파,1KG,2210,245
20220215,3500,고구마(밤),1KG,5000,151
20220215,3504,고구마(밤),1KG,5490,151
20220216,3500,파,1KG,2000,246
20220216,3504,파,1KG,2580,246
20220216,3504,얼갈이배추,1KG(단),3910,215
20220216,3500,파,1KG,7500,246
20220216,3500,찹쌀,1KG,3500,112
20220216,3504,찹쌀,1KG,6980,112
20220216,3500,건미역,1KG,1730,642
20220216,3504,건미역,1KG,2490,642
20220216,3500,굴,1KG,14600,644
20220216,3504,굴,1KG,29800,644
20220216,3500,새우젓,1KG,17500,650
20220216,3504,새우젓,1KG,25800,650
20220216,3500,생강,1KG,6330,247
20220216,3504,생강,1KG,10670,247
20220216,3500,멸치액젓,1KG,4350,651
20220216,3504,멸치액젓,1KG,5330,651
20220216,3500,고춧가루,1KG,24600,248
20220216,3504,고춧가루,1KG,38400,248
20220216,3500,고구마(밤),1KG,5000,151
20220216,3504,고구마(밤),1KG,5490,151
20220216,3500,토마토,1KG,5330,225
20220216,3504,토마토,1KG,7420,225
20220216,3500,당근,1KG,3000,232
20220216,3504,당근,1KG,2980,232
20220216,3500,고춧가루,1KG,10000,248
20220216,3504,고춧가루,1KG,12800,248
20220216,3500,미나리,1KG,670,252
20220216,3500,양파,1KG,2000,245
20220216,3504,양파,1KG,2210,245
20220216,3504,방울토마토,1KG,9830,422
20220217,3500,생강,1KG,6330,247
20220217,3504,생강,1KG,10670,247
20220217,3504,얼갈이배추,1KG(단),3320,215
20220217,3500,고춧가루,1KG,22600,248
20220217,3504,고춧가루,1KG,38400,248
20220217,3500,당근,1KG,3000,232
20220217,3504,당근,1KG,2880,232
20220217,3500,고춧가루,1KG,10000,248
20220217,3504,고춧가루,1KG,12800,248
20220217,3500,찹쌀,1KG,3500,112
20220217,3504,찹쌀,1KG,6980,112
20220217,3500,양파,1KG,2000,245
20220217,3504,방울토마토,1KG,9830,422
20220217,3504,양파,1KG,2210,245
20220217,3500,미나리,1KG,670,252
20220217,3500,건미역,1KG,1730,642
20220217,3504,건미역,1KG,2990,642
20220217,3500,굴,1KG,14600,644
20220217,3504,굴,1KG,29800,644
20220217,3500,파,1KG,2000,246
20220217,3504,파,1KG,2580,246
20220217,3500,새우젓,1KG,17500,650
20220217,3504,새우젓,1KG,25800,650
20220217,3500,멸치액젓,1KG,4350,651
20220217,3504,멸치액젓,1KG,5330,651
20220217,3500,토마토,1KG,5330,225
20220217,3504,토마토,1KG,8250,225
20220217,3500,고구마(밤),1KG,5000,151
20220217,3504,고구마(밤),1KG,5980,151
20220217,3500,파,1KG,7500,246
20220218,3500,고구마(밤),1KG,5000,151
20220218,3504,고구마(밤),1KG,5490,151
20220218,3500,굴,1KG,14600,644
20220218,3504,굴,1KG,29800,644
20220218,3500,파,1KG,2000,246
20220218,3504,파,1KG,2880,246
20220218,3500,새우젓,1KG,17500,650
20220218,3504,새우젓,1KG,25800,650
20220218,3500,멸치액젓,1KG,4350,651
20220218,3500,파,1KG,7500,246
20220218,3504,멸치액젓,1KG,5330,651
20220218,3504,얼갈이배추,1KG(단),3320,215
20220218,3500,생강,1KG,6330,247
20220218,3504,생강,1KG,10670,247
20220218,3500,토마토,1KG,5330,225
20220218,3504,토마토,1KG,8250,225
20220218,3500,고춧가루,1KG,22600,248
20220218,3504,고춧가루,1KG,38400,248
20220218,3500,찹쌀,1KG,3500,112
20220218,3504,찹쌀,1KG,6980,112
20220218,3500,당근,1KG,3000,232
20220218,3504,당근,1KG,2880,232
20220218,3500,고춧가루,1KG,10000,248
20220218,3504,고춧가루,1KG,12800,248
20220218,3500,미나리,1KG,670,252
20220218,3504,방울토마토,1KG,9830,422
20220218,3500,건미역,1KG,1730,642
20220218,3504,건미역,1KG,2990,642
20220218,3500,양파,1KG,2000,245
20220218,3504,양파,1KG,2210,245
20220219,3500,파,1KG,2000,246
20220219,3504,파,1KG,2880,246
20220219,3500,파,1KG,7500,246
20220219,3500,찹쌀,1KG,3500,112
20220219,3504,찹쌀,1KG,6980,112
20220219,3500,생강,1KG,6330,247
20220219,3504,생강,1KG,10670,247
20220219,3504,얼갈이배추,1KG(단),3320,215
20220219,3500,고구마(밤),1KG,5000,151
20220219,3504,고구마(밤),1KG,5490,151
20220219,3500,고춧가루,1KG,22600,248
20220219,3504,고춧가루,1KG,38400,248
20220219,3500,당근,1KG,3000,232
20220219,3504,당근,1KG,2880,232
20220219,3500,고춧가루,1KG,10000,248
20220219,3504,고춧가루,1KG,12800,248
20220219,3500,미나리,1KG,670,252
20220219,3500,양파,1KG,2000,245
20220219,3504,양파,1KG,2210,245
20220219,3504,방울토마토,1KG,9830,422
20220219,3500,토마토,1KG,5330,225
20220219,3504,토마토,1KG,8250,225
20220220,3500,미나리,1KG,670,252
20220220,3504,방울토마토,1KG,9830,422
20220220,3500,양파,1KG,2000,245
20220220,3504,양파,1KG,2210,245
20220220,3500,고구마(밤),1KG,5000,151
20220220,3504,고구마(밤),1KG,5490,151
20220220,3500,파,1KG,2000,246
20220220,3504,파,1KG,2880,246
20220220,3500,토마토,1KG,5330,225
20220220,3504,토마토,1KG,8250,225
20220220,3504,얼갈이배추,1KG(단),3320,215
20220220,3500,파,1KG,7500,246
20220220,3500,생강,1KG,6330,247
20220220,3504,생강,1KG,10670,247
20220220,3500,찹쌀,1KG,3500,112
20220220,3504,찹쌀,1KG,6980,112
20220220,3500,고춧가루,1KG,22600,248
20220220,3504,고춧가루,1KG,38400,248
20220220,3500,고춧가루,1KG,10000,248
20220220,3504,고춧가루,1KG,12800,248
20220220,3500,당근,1KG,3000,232
20220220,3504,당근,1KG,2880,232
20220221,3504,얼갈이배추,1KG(단),3320,215
20220221,3500,찹쌀,1KG,3500,112
20220221,3504,찹쌀,1KG,6980,112
20220221,3500,양파,1KG,1830,245
20220221,3504,양파,1KG,2210,245
20220221,3500,건미역,1KG,1730,642
20220221,3504,건미역,1KG,2990,642
20220221,3500,굴,1KG,14600,644
20220221,3504,굴,1KG,29800,644
20220221,3500,파,1KG,2000,246
20220221,3504,파,1KG,2880,246
20220221,3500,멸치액젓,1KG,4350,651
20220221,3504,멸치액젓,1KG,5330,651
20220221,3500,새우젓,1KG,17500,650
20220221,3504,새우젓,1KG,25800,650
20220221,3500,파,1KG,6670,246
20220221,3500,고구마(밤),1KG,5000,151
20220221,3504,고구마(밤),1KG,5490,151
20220221,3500,생강,1KG,6330,247
20220221,3504,생강,1KG,10670,247
20220221,3500,토마토,1KG,5330,225
20220221,3504,토마토,1KG,8250,225
20220221,3500,고춧가루,1KG,22600,248
20220221,3504,고춧가루,1KG,38400,248
20220221,3500,고춧가루,1KG,10000,248
20220221,3504,고춧가루,1KG,12800,248
20220221,3500,미나리,1KG,670,252
20220221,3500,당근,1KG,3000,232
20220221,3504,당근,1KG,2880,232
20220221,3504,방울토마토,1KG,9830,422
20220222,3500,당근,1KG,3000,232
20220222,3504,당근,1KG,2880,232
20220222,3500,토마토,1KG,5330,225
20220222,3504,토마토,1KG,8250,225
20220222,3504,방울토마토,1KG,9830,422
20220222,3500,양파,1KG,1500,245
20220222,3504,양파,1KG,1220,245
20220222,3500,건미역,1KG,1730,642
20220222,3504,건미역,1KG,2990,642
20220222,3500,고구마(밤),1KG,5000,151
20220222,3504,고구마(밤),1KG,5490,151
20220222,3500,고춧가루,1KG,22600,248
20220222,3504,고춧가루,1KG,38400,248
20220222,3500,굴,1KG,14600,644
20220222,3504,굴,1KG,29800,644
20220222,3500,고춧가루,1KG,10000,248
20220222,3504,고춧가루,1KG,12800,248
20220222,3500,미나리,1KG,670,252
20220222,3500,파,1KG,2000,246
20220222,3504,파,1KG,2880,246
20220222,3500,새우젓,1KG,17500,650
20220222,3504,새우젓,1KG,25800,650
20220222,3504,찹쌀,1KG,6980,112
20220222,3500,파,1KG,6670,246
20220222,3500,멸치액젓,1KG,4350,651
20220222,3504,멸치액젓,1KG,5330,651
20220222,3504,얼갈이배추,1KG(단),3320,215
20220222,3500,찹쌀,1KG,3500,112
20220222,3500,생강,1KG,6330,247
20220222,3504,생강,1KG,10670,247
20220223,3500,새우젓,1KG,17500,650
20220223,3504,새우젓,1KG,25800,650
20220223,3500,멸치액젓,1KG,4350,651
20220223,3504,멸치액젓,1KG,5330,651
20220223,3500,고춧가루,1KG,22600,248
20220223,3504,고춧가루,1KG,38400,248
20220223,3500,당근,1KG,3000,232
20220223,3504,당근,1KG,2880,232
20220223,3500,고춧가루,1KG,10000,248
20220223,3504,고춧가루,1KG,12800,248
20220223,3500,미나리,1KG,710,252
20220223,3500,고구마(밤),1KG,5000,151
20220223,3504,고구마(밤),1KG,5490,151
20220223,3500,양파,1KG,1500,245
20220223,3504,양파,1KG,1990,245
20220223,3504,방울토마토,1KG,9830,422
20220223,3500,찹쌀,1KG,3500,112
20220223,3504,찹쌀,1KG,6980,112
20220223,3500,토마토,1KG,5330,225
20220223,3504,토마토,1KG,8250,225
20220223,3500,파,1KG,2000,246
20220223,3504,파,1KG,2880,246
20220223,3504,얼갈이배추,1KG(단),3320,215
20220223,3500,파,1KG,6670,246
20220223,3500,건미역,1KG,1730,642
20220223,3504,건미역,1KG,2990,642
20220223,3500,생강,1KG,6330,247
20220223,3504,생강,1KG,10670,247
20220223,3500,굴,1KG,14600,644
20220223,3504,굴,1KG,29800,644
20220224,3500,고춧가루,1KG,22600,248
20220224,3504,고춧가루,1KG,38400,248
20220224,3500,찹쌀,1KG,3500,112
20220224,3504,찹쌀,1KG,6980,112
20220224,3500,당근,1KG,3000,232
20220224,3504,당근,1KG,2780,232
20220224,3500,고춧가루,1KG,10000,248
20220224,3504,고춧가루,1KG,12800,248
20220224,3500,미나리,1KG,710,252
20220224,3504,얼갈이배추,1KG(단),2680,215
20220224,3500,건미역,1KG,1730,642
20220224,3504,건미역,1KG,2990,642
20220224,3500,양파,1KG,1500,245
20220224,3504,양파,1KG,1660,245
20220224,3500,멸치액젓,1KG,4350,651
20220224,3504,멸치액젓,1KG,5330,651
20220224,3500,굴,1KG,14600,644
20220224,3504,굴,1KG,29800,644
20220224,3500,토마토,1KG,5330,225
20220224,3504,토마토,1KG,7420,225
20220224,3500,파,1KG,2000,246
20220224,3504,파,1KG,2880,246
20220224,3500,고구마(밤),1KG,5000,151
20220224,3504,고구마(밤),1KG,5490,151
20220224,3500,새우젓,1KG,17500,650
20220224,3500,파,1KG,6670,246
20220224,3504,새우젓,1KG,25800,650
20220224,3500,생강,1KG,6330,247
20220224,3504,방울토마토,1KG,8170,422
20220224,3504,생강,1KG,7960,247
20220225,3500,생강,1KG,6330,247
20220225,3504,생강,1KG,7960,247
20220225,3500,파,1KG,2000,246
20220225,3504,파,1KG,2880,246
20220225,3504,방울토마토,1KG,8170,422
20220225,3500,토마토,1KG,5330,225
20220225,3504,토마토,1KG,7420,225
20220225,3500,찹쌀,1KG,3500,112
20220225,3504,찹쌀,1KG,6980,112
20220225,3504,새우젓,1KG,25800,650
20220225,3500,고춧가루,1KG,22600,248
20220225,3504,고춧가루,1KG,38400,248
20220225,3500,멸치액젓,1KG,4350,651
20220225,3504,멸치액젓,1KG,5330,651
20220225,3500,당근,1KG,3000,232
20220225,3504,당근,1KG,2780,232
20220225,3500,고춧가루,1KG,10000,248
20220225,3504,고춧가루,1KG,12800,248
20220225,3500,미나리,1KG,750,252
20220225,3500,건미역,1KG,1730,642
20220225,3504,건미역,1KG,2990,642
20220225,3500,양파,1KG,1500,245
20220225,3504,양파,1KG,1660,245
20220225,3500,굴,1KG,14600,644
20220225,3504,굴,1KG,29800,644
20220225,3500,새우젓,1KG,17500,650
20220225,3500,파,1KG,6670,246
20220225,3500,고구마(밤),1KG,5000,151
20220225,3504,고구마(밤),1KG,5490,151
20220225,3504,얼갈이배추,1KG(단),2680,215
20220226,3500,양파,1KG,1500,245
20220226,3504,양파,1KG,1660,245
20220226,3504,얼갈이배추,1KG(단),2680,215
20220226,3500,고구마(밤),1KG,5000,151
20220226,3504,고구마(밤),1KG,5490,151
20220226,3500,토마토,1KG,5330,225
20220226,3504,토마토,1KG,7420,225
20220226,3500,파,1KG,2000,246
20220226,3504,파,1KG,2880,246
20220226,3500,고춧가루,1KG,10000,248
20220226,3504,고춧가루,1KG,12800,248
20220226,3500,미나리,1KG,750,252
20220226,3504,방울토마토,1KG,8170,422
20220226,3500,고춧가루,1KG,22600,248
20220226,3504,고춧가루,1KG,38400,248
20220226,3500,파,1KG,6670,246
20220226,3500,생강,1KG,6330,247
20220226,3504,생강,1KG,7960,247
20220226,3500,당근,1KG,3000,232
20220226,3504,당근,1KG,2780,232
20220226,3500,찹쌀,1KG,3500,112
20220226,3504,찹쌀,1KG,6980,112
20220227,3504,얼갈이배추,1KG(단),2680,215
20220227,3500,토마토,1KG,5330,225
20220227,3504,토마토,1KG,7420,225
20220227,3504,방울토마토,1KG,8170,422
20220227,3500,파,1KG,2000,246
20220227,3504,파,1KG,2880,246
20220227,3500,고구마(밤),1KG,5000,151
20220227,3504,고구마(밤),1KG,5490,151
20220227,3500,파,1KG,6670,246
20220227,3500,생강,1KG,6330,247
20220227,3504,생강,1KG,7960,247
20220227,3500,찹쌀,1KG,3500,112
20220227,3504,찹쌀,1KG,6980,112
20220227,3500,고춧가루,1KG,22600,248
20220227,3504,고춧가루,1KG,38400,248
20220227,3500,양파,1KG,1500,245
20220227,3504,양파,1KG,1660,245
20220227,3500,당근,1KG,3000,232
20220227,3504,당근,1KG,2780,232
20220227,3500,고춧가루,1KG,10000,248
20220227,3504,고춧가루,1KG,12800,248
20220227,3500,미나리,1KG,750,252
20220228,3504,얼갈이배추,1KG(단),2680,215
20220228,3500,찹쌀,1KG,3500,112
20220228,3504,찹쌀,1KG,6980,112
20220228,3500,파,1KG,2000,246
20220228,3504,파,1KG,2880,246
20220228,3500,파,1KG,6670,246
20220228,3500,건미역,1KG,1730,642
20220228,3504,건미역,1KG,2990,642
20220228,3500,생강,1KG,6330,247
20220228,3504,생강,1KG,7960,247
20220228,3500,굴,1KG,14600,644
20220228,3504,굴,1KG,29800,644
20220228,3500,새우젓,1KG,17500,650
20220228,3504,새우젓,1KG,25800,650
20220228,3500,당근,1KG,3000,232
20220228,3504,당근,1KG,2780,232
20220228,3500,고춧가루,1KG,22600,248
20220228,3504,고춧가루,1KG,38400,248
20220228,3500,멸치액젓,1KG,4350,651
20220228,3504,멸치액젓,1KG,5330,651
20220228,3500,고춧가루,1KG,10000,248
20220228,3504,고춧가루,1KG,12800,248
20220228,3500,미나리,1KG,750,252
20220228,3500,고구마(밤),1KG,5000,151
20220228,3504,고구마(밤),1KG,5490,151
20220228,3504,방울토마토,1KG,8170,422
20220228,3500,양파,1KG,1500,245
20220228,3504,양파,1KG,1660,245
20220228,3500,토마토,1KG,5330,225
20220228,3504,토마토,1KG,7420,225
20220301,3500,토마토,1KG,5330,225
20220301,3504,토마토,1KG,7420,225
20220301,3500,파,1KG,2000,246
20220301,3504,파,1KG,2880,246
20220301,3504,얼갈이배추,1KG(단),2680,215
20220301,3504,방울토마토,1KG,8170,422
20220301,3500,파,1KG,6670,246
20220301,3500,찹쌀,1KG,3500,112
20220301,3504,찹쌀,1KG,6980,112
20220301,3500,생강,1KG,6330,247
20220301,3504,생강,1KG,7960,247
20220301,3500,당근,1KG,3000,232
20220301,3504,당근,1KG,2780,232
20220301,3500,고구마(밤),1KG,5000,151
20220301,3504,고구마(밤),1KG,5490,151
20220301,3500,고춧가루,1KG,22600,248
20220301,3504,고춧가루,1KG,38400,248
20220301,3500,고춧가루,1KG,10000,248
20220301,3504,고춧가루,1KG,12800,248
20220301,3500,양파,1KG,1500,245
20220301,3504,양파,1KG,1660,245
20220301,3500,미나리,1KG,750,252
20220302,3500,멸치액젓,1KG,4350,651
20220302,3504,멸치액젓,1KG,5330,651
20220302,3500,토마토,1KG,5330,225
20220302,3504,토마토,1KG,7420,225
20220302,3500,파,1KG,2000,246
20220302,3504,파,1KG,2880,246
20220302,3500,찹쌀,1KG,3500,112
20220302,3504,찹쌀,1KG,6980,112
20220302,3504,얼갈이배추,1KG(단),2680,215
20220302,3500,고구마(밤),1KG,5000,151
20220302,3504,고구마(밤),1KG,5490,151
20220302,3500,파,1KG,6670,246
20220302,3500,생강,1KG,6330,247
20220302,3504,생강,1KG,6560,247
20220302,3500,건미역,1KG,1730,642
20220302,3504,건미역,1KG,2990,642
20220302,3500,굴,1KG,14600,644
20220302,3504,굴,1KG,29800,644
20220302,3500,새우젓,1KG,17500,650
20220302,3504,새우젓,1KG,25800,650
20220302,3500,고춧가루,1KG,22600,248
20220302,3504,고춧가루,1KG,38400,248
20220302,3504,방울토마토,1KG,8170,422
20220302,3500,당근,1KG,3000,232
20220302,3504,당근,1KG,2780,232
20220302,3500,고춧가루,1KG,10000,248
20220302,3504,고춧가루,1KG,12800,248
20220302,3500,미나리,1KG,750,252
20220302,3500,양파,1KG,1500,245
20220302,3504,양파,1KG,1660,245
20220303,3500,파,1KG,6670,246
20220303,3500,생강,1KG,6330,247
20220303,3504,생강,1KG,6360,247
20220303,3500,멸치액젓,1KG,4350,651
20220303,3504,멸치액젓,1KG,5330,651
20220303,3500,양파,1KG,1500,245
20220303,3504,양파,1KG,1660,245
20220303,3504,얼갈이배추,1KG(단),2680,215
20220303,3500,건미역,1KG,1730,642
20220303,3504,건미역,1KG,2990,642
20220303,3500,고구마(밤),1KG,5000,151
20220303,3504,고구마(밤),1KG,5490,151
20220303,3500,당근,1KG,3000,232
20220303,3504,당근,1KG,2780,232
20220303,3500,고춧가루,1KG,22600,248
20220303,3504,고춧가루,1KG,38400,248
20220303,3504,방울토마토,1KG,6500,422
20220303,3500,파,1KG,2270,246
20220303,3504,파,1KG,2880,246
20220303,3500,고춧가루,1KG,10000,248
20220303,3504,고춧가루,1KG,12800,248
20220303,3500,찹쌀,1KG,3500,112
20220303,3504,찹쌀,1KG,6980,112
20220303,3500,굴,1KG,14600,644
20220303,3504,굴,1KG,29800,644
20220303,3500,토마토,1KG,5330,225
20220303,3504,토마토,1KG,7420,225
20220303,3500,미나리,1KG,830,252
20220303,3500,새우젓,1KG,17500,650
20220303,3504,새우젓,1KG,25800,650
20220304,3500,파,1KG,6670,246
20220304,3500,새우젓,1KG,17500,650
20220304,3504,새우젓,1KG,25800,650
20220304,3504,얼갈이배추,1KG(단),2680,215
20220304,3500,생강,1KG,6330,247
20220304,3504,생강,1KG,6200,247
20220304,3504,방울토마토,1KG,6500,422
20220304,3500,찹쌀,1KG,3500,112
20220304,3504,찹쌀,1KG,6980,112
20220304,3500,고구마(밤),1KG,5000,151
20220304,3504,고구마(밤),1KG,5490,151
20220304,3500,멸치액젓,1KG,4350,651
20220304,3504,멸치액젓,1KG,5330,651
20220304,3500,양파,1KG,1500,245
20220304,3504,양파,1KG,1660,245
20220304,3500,고춧가루,1KG,22600,248
20220304,3504,고춧가루,1KG,38400,248
20220304,3500,건미역,1KG,1730,642
20220304,3504,건미역,1KG,2990,642
20220304,3500,토마토,1KG,5330,225
20220304,3504,토마토,1KG,7420,225
20220304,3500,당근,1KG,3000,232
20220304,3504,당근,1KG,2780,232
20220304,3500,파,1KG,2410,246
20220304,3504,파,1KG,2880,246
20220304,3500,고춧가루,1KG,10000,248
20220304,3504,고춧가루,1KG,12800,248
20220304,3500,미나리,1KG,830,252
20220304,3500,굴,1KG,14600,644
20220304,3504,굴,1KG,29800,644
20220305,3500,찹쌀,1KG,3500,112
20220305,3504,찹쌀,1KG,6980,112
20220305,3500,고구마(밤),1KG,5000,151
20220305,3504,고구마(밤),1KG,5490,151
20220305,3500,양파,1KG,1500,245
20220305,3504,양파,1KG,1660,245
20220305,3500,당근,1KG,3000,232
20220305,3504,당근,1KG,2780,232
20220305,3500,고춧가루,1KG,10000,248
20220305,3504,고춧가루,1KG,12800,248
20220305,3504,방울토마토,1KG,6500,422
20220305,3500,토마토,1KG,5330,225
20220305,3504,토마토,1KG,7420,225
20220305,3500,미나리,1KG,830,252
20220305,3500,파,1KG,2410,246
20220305,3504,파,1KG,2880,246
20220305,3500,생강,1KG,6330,247
20220305,3504,생강,1KG,6200,247
20220305,3504,얼갈이배추,1KG(단),2680,215
20220305,3500,파,1KG,6670,246
20220305,3500,고춧가루,1KG,22600,248
20220305,3504,고춧가루,1KG,38400,248
20220306,3504,얼갈이배추,1KG(단),2680,215
20220306,3500,고구마(밤),1KG,5000,151
20220306,3504,고구마(밤),1KG,5490,151
20220306,3500,파,1KG,6670,246
20220306,3500,고춧가루,1KG,22600,248
20220306,3504,고춧가루,1KG,38400,248
20220306,3500,양파,1KG,1500,245
20220306,3504,양파,1KG,1660,245
20220306,3500,찹쌀,1KG,3500,112
20220306,3504,찹쌀,1KG,6980,112
20220306,3500,당근,1KG,3000,232
20220306,3504,당근,1KG,2780,232
20220306,3500,고춧가루,1KG,10000,248
20220306,3504,고춧가루,1KG,12800,248
20220306,3500,토마토,1KG,5330,225
20220306,3504,토마토,1KG,7420,225
20220306,3500,파,1KG,2410,246
20220306,3504,파,1KG,2880,246
20220306,3504,방울토마토,1KG,6500,422
20220306,3500,생강,1KG,6330,247
20220306,3504,생강,1KG,6200,247
20220306,3500,미나리,1KG,830,252
20220307,3500,파,1KG,2410,246
20220307,3504,파,1KG,2880,246
20220307,3500,굴,1KG,14600,644
20220307,3504,굴,1KG,29800,644
20220307,3500,파,1KG,6670,246
20220307,3500,고구마(밤),1KG,5000,151
20220307,3504,고구마(밤),1KG,5490,151
20220307,3500,새우젓,1KG,17500,650
20220307,3504,새우젓,1KG,25800,650
20220307,3500,멸치액젓,1KG,4350,651
20220307,3504,멸치액젓,1KG,5330,651
20220307,3504,방울토마토,1KG,6500,422
20220307,3500,생강,1KG,6330,247
20220307,3504,생강,1KG,6200,247
20220307,3504,얼갈이배추,1KG(단),2680,215
20220307,3500,고춧가루,1KG,22600,248
20220307,3504,고춧가루,1KG,38400,248
20220307,3500,찹쌀,1KG,3500,112
20220307,3504,찹쌀,1KG,6980,112
20220307,3500,토마토,1KG,5330,225
20220307,3504,토마토,1KG,7420,225
20220307,3500,당근,1KG,3000,232
20220307,3504,당근,1KG,2780,232
20220307,3500,양파,1KG,1500,245
20220307,3500,고춧가루,1KG,10000,248
20220307,3504,고춧가루,1KG,12800,248
20220307,3504,양파,1KG,1930,245
20220307,3500,미나리,1KG,830,252
20220307,3500,건미역,1KG,1730,642
20220307,3504,건미역,1KG,2990,642
20220308,3500,건미역,1KG,1730,642
20220308,3504,건미역,1KG,2990,642
20220308,3504,방울토마토,1KG,6500,422
20220308,3500,당근,1KG,3000,232
20220308,3504,당근,1KG,2780,232
20220308,3504,얼갈이배추,1KG(단),2680,215
20220308,3500,고춧가루,1KG,10000,248
20220308,3504,고춧가루,1KG,12800,248
20220308,3500,미나리,1KG,830,252
20220308,3500,양파,1KG,1500,245
20220308,3504,양파,1KG,1930,245
20220308,3500,굴,1KG,14600,644
20220308,3504,굴,1KG,29800,644
20220308,3500,찹쌀,1KG,3500,112
20220308,3504,찹쌀,1KG,6980,112
20220308,3500,고구마(밤),1KG,5000,151
20220308,3504,고구마(밤),1KG,5490,151
20220308,3500,파,1KG,6250,246
20220308,3500,새우젓,1KG,17500,650
20220308,3504,새우젓,1KG,25800,650
20220308,3500,토마토,1KG,5330,225
20220308,3504,토마토,1KG,7420,225
20220308,3500,파,1KG,2650,246
20220308,3504,파,1KG,2880,246
20220308,3500,생강,1KG,6330,247
20220308,3504,생강,1KG,6200,247
20220308,3500,멸치액젓,1KG,4350,651
20220308,3504,멸치액젓,1KG,5330,651
20220308,3500,고춧가루,1KG,22600,248
20220308,3504,고춧가루,1KG,38400,248
20220309,3504,생강,1KG,6200,247
20220309,3504,얼갈이배추,1KG(단),2680,215
20220309,3504,방울토마토,1KG,6500,422
20220309,3500,토마토,1KG,5330,225
20220309,3504,토마토,1KG,7420,225
20220309,3500,파,1KG,2650,246
20220309,3504,파,1KG,2880,246
20220309,3500,생강,1KG,6330,247
20220309,3500,고춧가루,1KG,22600,248
20220309,3504,고춧가루,1KG,38400,248
20220309,3500,양파,1KG,1500,245
20220309,3504,양파,1KG,1930,245
20220309,3500,찹쌀,1KG,3500,112
20220309,3504,찹쌀,1KG,6980,112
20220309,3500,파,1KG,6250,246
20220309,3500,당근,1KG,3000,232
20220309,3504,당근,1KG,2780,232
20220309,3500,고춧가루,1KG,10000,248
20220309,3504,고춧가루,1KG,12800,248
20220309,3500,고구마(밤),1KG,5000,151
20220309,3504,고구마(밤),1KG,5490,151
20220309,3500,미나리,1KG,830,252
20220310,3500,토마토,1KG,5330,225
20220310,3504,토마토,1KG,7420,225
20220310,3500,찹쌀,1KG,3500,112
20220310,3504,찹쌀,1KG,6980,112
20220310,3500,파,1KG,2650,246
20220310,3504,파,1KG,3030,246
20220310,3500,생강,1KG,6330,247
20220310,3504,생강,1KG,6200,247
20220310,3500,새우젓,1KG,17500,650
20220310,3504,새우젓,1KG,25800,650
20220310,3500,양파,1KG,1500,245
20220310,3504,양파,1KG,1660,245
20220310,3500,파,1KG,5830,246
20220310,3500,건미역,1KG,1730,642
20220310,3504,건미역,1KG,2990,642
20220310,3500,고춧가루,1KG,22600,248
20220310,3504,고춧가루,1KG,38400,248
20220310,3500,멸치액젓,1KG,4350,651
20220310,3504,멸치액젓,1KG,5330,651
20220310,3500,고구마(밤),1KG,5000,151
20220310,3504,고구마(밤),1KG,5490,151
20220310,3504,얼갈이배추,1KG(단),2680,215
20220310,3500,굴,1KG,14600,644
20220310,3500,당근,1KG,3000,232
20220310,3504,당근,1KG,2780,232
20220310,3504,방울토마토,1KG,11500,422
20220310,3500,고춧가루,1KG,10000,248
20220310,3504,고춧가루,1KG,12800,248
20220310,3500,미나리,1KG,830,252
20220311,3500,생강,1KG,6330,247
20220311,3504,생강,1KG,6200,247
20220311,3500,고춧가루,1KG,21600,248
20220311,3504,고춧가루,1KG,38400,248
20220311,3504,방울토마토,1KG,11500,422
20220311,3500,건미역,1KG,1730,642
20220311,3504,건미역,1KG,2990,642
20220311,3500,굴,1KG,14600,644
20220311,3500,당근,1KG,3000,232
20220311,3504,당근,1KG,2780,232
20220311,3500,새우젓,1KG,17500,650
20220311,3504,새우젓,1KG,25800,650
20220311,3500,고춧가루,1KG,10000,248
20220311,3504,고춧가루,1KG,12800,248
20220311,3500,미나리,1KG,750,252
20220311,3500,고구마(밤),1KG,5000,151
20220311,3504,고구마(밤),1KG,5490,151
20220311,3500,양파,1KG,1500,245
20220311,3504,양파,1KG,1660,245
20220311,3500,멸치액젓,1KG,4350,651
20220311,3504,멸치액젓,1KG,5330,651
20220311,3504,얼갈이배추,1KG(단),2680,215
20220311,3500,파,1KG,2570,246
20220311,3504,파,1KG,3030,246
20220311,3500,찹쌀,1KG,3500,112
20220311,3500,토마토,1KG,5330,225
20220311,3504,토마토,1KG,7420,225
20220311,3504,찹쌀,1KG,6980,112
20220311,3500,파,1KG,5830,246
20220312,3500,파,1KG,5830,246
20220312,3500,생강,1KG,6330,247
20220312,3504,생강,1KG,6200,247
20220312,3500,양파,1KG,1500,245
20220312,3504,양파,1KG,1660,245
20220312,3504,얼갈이배추,1KG(단),2680,215
20220312,3500,고춧가루,1KG,21600,248
20220312,3504,고춧가루,1KG,38400,248
20220312,3500,고춧가루,1KG,10000,248
20220312,3504,고춧가루,1KG,12800,248
20220312,3504,방울토마토,1KG,11500,422
20220312,3500,미나리,1KG,750,252
20220312,3500,찹쌀,1KG,3500,112
20220312,3504,찹쌀,1KG,6980,112
20220312,3500,고구마(밤),1KG,5000,151
20220312,3504,고구마(밤),1KG,5490,151
20220312,3500,파,1KG,2570,246
20220312,3504,파,1KG,3030,246
20220312,3500,토마토,1KG,5330,225
20220312,3504,토마토,1KG,7420,225
20220312,3500,당근,1KG,3000,232
20220312,3504,당근,1KG,2780,232
20220313,3500,찹쌀,1KG,3500,112
20220313,3500,파,1KG,5830,246
20220313,3504,방울토마토,1KG,11500,422
20220313,3500,파,1KG,2570,246
20220313,3504,고구마(밤),1KG,5490,151
20220313,3500,생강,1KG,6330,247
20220313,3504,생강,1KG,6200,247
20220313,3504,파,1KG,3030,246
20220313,3500,당근,1KG,3000,232
20220313,3504,당근,1KG,2780,232
20220313,3504,얼갈이배추,1KG(단),2680,215
20220313,3500,고춧가루,1KG,21600,248
20220313,3504,고춧가루,1KG,38400,248
20220313,3500,고춧가루,1KG,10000,248
20220313,3504,고춧가루,1KG,12800,248
20220313,3500,미나리,1KG,750,252
20220313,3504,찹쌀,1KG,6980,112
20220313,3500,양파,1KG,1500,245
20220313,3504,양파,1KG,1660,245
20220313,3500,토마토,1KG,5330,225
20220313,3504,토마토,1KG,7420,225
20220313,3500,고구마(밤),1KG,5000,151
20220314,3500,토마토,1KG,5330,225
20220314,3504,토마토,1KG,7420,225
20220314,3504,얼갈이배추,1KG(단),2680,215
20220314,3500,파,1KG,5410,246
20220314,3500,생강,1KG,6330,247
20220314,3504,생강,1KG,7960,247
20220314,3500,고춧가루,1KG,21600,248
20220314,3504,고춧가루,1KG,38400,248
20220314,3500,건미역,1KG,1730,642
20220314,3504,건미역,1KG,2990,642
20220314,3500,고춧가루,1KG,10000,248
20220314,3504,고춧가루,1KG,12800,248
20220314,3504,방울토마토,1KG,11500,422
20220314,3500,굴,1KG,14600,644
20220314,3500,찹쌀,1KG,3500,112
20220314,3504,찹쌀,1KG,6980,112
20220314,3500,미나리,1KG,750,252
20220314,3500,당근,1KG,3000,232
20220314,3504,당근,1KG,2780,232
20220314,3500,양파,1KG,1500,245
20220314,3504,양파,1KG,1660,245
20220314,3500,새우젓,1KG,17500,650
20220314,3504,새우젓,1KG,25800,650
20220314,3500,고구마(밤),1KG,5000,151
20220314,3504,고구마(밤),1KG,5490,151
20220314,3500,파,1KG,2410,246
20220314,3504,파,1KG,3030,246
20220314,3500,멸치액젓,1KG,4350,651
20220314,3504,멸치액젓,1KG,5330,651
20220315,3504,방울토마토,1KG,11500,422
20220315,3500,고구마(밤),1KG,5000,151
20220315,3504,고구마(밤),1KG,5490,151
20220315,3500,생강,1KG,6330,247
20220315,3504,생강,1KG,10670,247
20220315,3500,새우젓,1KG,17500,650
20220315,3504,새우젓,1KG,25800,650
20220315,3500,양파,1KG,1500,245
20220315,3504,양파,1KG,1660,245
20220315,3504,얼갈이배추,1KG(단),2680,215
20220315,3500,멸치액젓,1KG,4350,651
20220315,3504,멸치액젓,1KG,5330,651
20220315,3500,토마토,1KG,5330,225
20220315,3504,토마토,1KG,7420,225
20220315,3500,당근,1KG,3000,232
20220315,3504,당근,1KG,2780,232
20220315,3500,고춧가루,1KG,21600,248
20220315,3504,고춧가루,1KG,38400,248
20220315,3500,찹쌀,1KG,3500,112
20220315,3504,찹쌀,1KG,6980,112
20220315,3500,파,1KG,2410,246
20220315,3504,파,1KG,3030,246
20220315,3500,건미역,1KG,1730,642
20220315,3504,건미역,1KG,2990,642
20220315,3500,고춧가루,1KG,10000,248
20220315,3504,고춧가루,1KG,12800,248
20220315,3500,미나리,1KG,670,252
20220315,3500,파,1KG,5000,246
20220315,3500,굴,1KG,14600,644
20220316,3500,굴,1KG,14600,644
20220316,3500,파,1KG,5000,246
20220316,3500,새우젓,1KG,17500,650
20220316,3504,새우젓,1KG,25800,650
20220316,3500,생강,1KG,6330,247
20220316,3504,생강,1KG,10670,247
20220316,3500,고구마(밤),1KG,5000,151
20220316,3504,고구마(밤),1KG,5490,151
20220316,3500,양파,1KG,1500,245
20220316,3504,양파,1KG,1660,245
20220316,3500,멸치액젓,1KG,4350,651
20220316,3504,멸치액젓,1KG,5330,651
20220316,3504,방울토마토,1KG,11500,422
20220316,3504,얼갈이배추,1KG(단),2680,215
20220316,3500,토마토,1KG,5330,225
20220316,3504,토마토,1KG,7420,225
20220316,3500,파,1KG,2410,246
20220316,3504,파,1KG,3030,246
20220316,3500,당근,1KG,3000,232
20220316,3504,당근,1KG,2780,232
20220316,3500,고춧가루,1KG,21600,248
20220316,3504,고춧가루,1KG,38400,248
20220316,3500,고춧가루,1KG,10000,248
20220316,3504,고춧가루,1KG,12800,248
20220316,3500,찹쌀,1KG,3500,112
20220316,3504,찹쌀,1KG,6980,112
20220316,3500,건미역,1KG,1730,642
20220316,3504,건미역,1KG,2990,642
20220316,3500,미나리,1KG,670,252
20220317,3500,토마토,1KG,5330,225
20220317,3504,토마토,1KG,6580,225
20220317,3500,생강,1KG,6330,247
20220317,3504,생강,1KG,10670,247
20220317,3500,고춧가루,1KG,21600,248
20220317,3504,고춧가루,1KG,38400,248
20220317,3500,당근,1KG,3000,232
20220317,3504,당근,1KG,2780,232
20220317,3500,고춧가루,1KG,10000,248
20220317,3504,고춧가루,1KG,12800,248
20220317,3500,건미역,1KG,1730,642
20220317,3504,건미역,1KG,2490,642
20220317,3504,방울토마토,1KG,8170,422
20220317,3500,미나리,1KG,670,252
20220317,3500,굴,1KG,14600,644
20220317,3504,얼갈이배추,1KG(단),2680,215
20220317,3500,찹쌀,1KG,3500,112
20220317,3504,찹쌀,1KG,6980,112
20220317,3500,양파,1KG,1500,245
20220317,3504,양파,1KG,1660,245
20220317,3500,고구마(밤),1KG,5000,151
20220317,3504,고구마(밤),1KG,5380,151
20220317,3500,새우젓,1KG,17500,650
20220317,3504,새우젓,1KG,25800,650
20220317,3500,파,1KG,2410,246
20220317,3504,파,1KG,2980,246
20220317,3500,파,1KG,5000,246
20220317,3500,멸치액젓,1KG,4350,651
20220317,3504,멸치액젓,1KG,5330,651
20220318,3500,고구마(밤),1KG,5000,151
20220318,3500,멸치액젓,1KG,4350,651
20220318,3504,멸치액젓,1KG,5330,651
20220318,3500,생강,1KG,6330,247
20220318,3504,생강,1KG,10670,247
20220318,3504,고구마(밤),1KG,5380,151
20220318,3500,양파,1KG,1500,245
20220318,3504,양파,1KG,1660,245
20220318,3504,방울토마토,1KG,8170,422
20220318,3500,건미역,1KG,1730,642
20220318,3504,건미역,1KG,2490,642
20220318,3500,찹쌀,1KG,3500,112
20220318,3504,찹쌀,1KG,6980,112
20220318,3504,얼갈이배추,1KG(단),2680,215
20220318,3500,토마토,1KG,5330,225
20220318,3504,토마토,1KG,6580,225
20220318,3500,파,1KG,2410,246
20220318,3504,파,1KG,2980,246
20220318,3500,당근,1KG,3000,232
20220318,3504,당근,1KG,2780,232
20220318,3500,고춧가루,1KG,21600,248
20220318,3504,고춧가루,1KG,38400,248
20220318,3500,고춧가루,1KG,10000,248
20220318,3504,고춧가루,1KG,12800,248
20220318,3500,굴,1KG,14600,644
20220318,3500,미나리,1KG,670,252
20220318,3500,파,1KG,4000,246
20220318,3500,새우젓,1KG,17500,650
20220318,3504,새우젓,1KG,25800,650
20220319,3500,생강,1KG,6330,247
20220319,3504,생강,1KG,10670,247
20220319,3500,고춧가루,1KG,21600,248
20220319,3504,고춧가루,1KG,38400,248
20220319,3500,고춧가루,1KG,10000,248
20220319,3504,고춧가루,1KG,12800,248
20220319,3504,얼갈이배추,1KG(단),2680,215
20220319,3500,미나리,1KG,670,252
20220319,3500,고구마(밤),1KG,5000,151
20220319,3504,고구마(밤),1KG,5380,151
20220319,3504,방울토마토,1KG,8170,422
20220319,3500,당근,1KG,3000,232
20220319,3504,당근,1KG,2780,232
20220319,3500,토마토,1KG,5330,225
20220319,3504,토마토,1KG,6580,225
20220319,3500,양파,1KG,1500,245
20220319,3504,양파,1KG,1660,245
20220319,3500,파,1KG,2410,246
20220319,3504,파,1KG,2980,246
20220319,3500,찹쌀,1KG,3500,112
20220319,3504,찹쌀,1KG,6980,112
20220319,3500,파,1KG,4000,246
20220320,3500,파,1KG,2410,246
20220320,3504,파,1KG,2980,246
20220320,3500,파,1KG,4000,246
20220320,3504,방울토마토,1KG,8170,422
20220320,3500,생강,1KG,6330,247
20220320,3504,생강,1KG,10670,247
20220320,3500,당근,1KG,3000,232
20220320,3504,당근,1KG,2780,232
20220320,3500,찹쌀,1KG,3500,112
20220320,3504,찹쌀,1KG,6980,112
20220320,3500,고춧가루,1KG,21600,248
20220320,3504,고춧가루,1KG,38400,248
20220320,3500,고춧가루,1KG,10000,248
20220320,3504,고춧가루,1KG,12800,248
20220320,3500,미나리,1KG,670,252
20220320,3500,고구마(밤),1KG,5000,151
20220320,3504,고구마(밤),1KG,5380,151
20220320,3500,토마토,1KG,5330,225
20220320,3504,토마토,1KG,6580,225
20220320,3500,양파,1KG,1500,245
20220320,3504,양파,1KG,1660,245
20220320,3504,얼갈이배추,1KG(단),2680,215
20220321,3504,방울토마토,1KG,8170,422
20220321,3500,찹쌀,1KG,3500,112
20220321,3504,찹쌀,1KG,6980,112
20220321,3500,파,1KG,3660,246
20220321,3500,생강,1KG,6330,247
20220321,3504,생강,1KG,10670,247
20220321,3500,당근,1KG,3000,232
20220321,3504,당근,1KG,2780,232
20220321,3500,건미역,1KG,1730,642
20220321,3504,건미역,1KG,2490,642
20220321,3500,고춧가루,1KG,21600,248
20220321,3504,고춧가루,1KG,38400,248
20220321,3500,굴,1KG,14600,644
20220321,3500,고구마(밤),1KG,5000,151
20220321,3504,고구마(밤),1KG,5380,151
20220321,3500,고춧가루,1KG,10000,248
20220321,3504,고춧가루,1KG,12800,248
20220321,3500,새우젓,1KG,17500,650
20220321,3504,새우젓,1KG,25800,650
20220321,3500,미나리,1KG,670,252
20220321,3500,멸치액젓,1KG,4350,651
20220321,3504,멸치액젓,1KG,5330,651
20220321,3500,토마토,1KG,5330,225
20220321,3504,토마토,1KG,6580,225
20220321,3500,양파,1KG,1500,245
20220321,3504,양파,1KG,1930,245
20220321,3500,얼갈이배추,1KG(단),2000,215
20220321,3504,얼갈이배추,1KG(단),2680,215
20220321,3500,파,1KG,2330,246
20220321,3504,파,1KG,2980,246
20220322,3500,당근,1KG,3000,232
20220322,3504,당근,1KG,2780,232
20220322,3500,고춧가루,1KG,21600,248
20220322,3504,고춧가루,1KG,38400,248
20220322,3500,고춧가루,1KG,10000,248
20220322,3504,고춧가루,1KG,12800,248
20220322,3500,미나리,1KG,630,252
20220322,3500,건미역,1KG,1730,642
20220322,3504,건미역,1KG,2490,642
20220322,3500,굴,1KG,14600,644
20220322,3500,새우젓,1KG,17500,650
20220322,3504,새우젓,1KG,25800,650
20220322,3500,멸치액젓,1KG,4350,651
20220322,3504,멸치액젓,1KG,5330,651
20220322,3500,찹쌀,1KG,3500,112
20220322,3504,찹쌀,1KG,6980,112
20220322,3500,양파,1KG,1500,245
20220322,3504,양파,1KG,1930,245
20220322,3500,고구마(밤),1KG,5000,151
20220322,3504,고구마(밤),1KG,5380,151
20220322,3500,파,1KG,3330,246
20220322,3500,토마토,1KG,5330,225
20220322,3504,토마토,1KG,6580,225
20220322,3504,방울토마토,1KG,8170,422
20220322,3500,얼갈이배추,1KG(단),2000,215
20220322,3504,얼갈이배추,1KG(단),2680,215
20220322,3500,파,1KG,2330,246
20220322,3504,파,1KG,2980,246
20220322,3500,생강,1KG,6330,247
20220322,3504,생강,1KG,10670,247
20220323,3500,양파,1KG,1500,245
20220323,3504,양파,1KG,1930,245
20220323,3500,새우젓,1KG,17500,650
20220323,3504,새우젓,1KG,25800,650
20220323,3500,멸치액젓,1KG,4350,651
20220323,3504,멸치액젓,1KG,5330,651
20220323,3500,고구마(밤),1KG,5000,151
20220323,3504,고구마(밤),1KG,5380,151
20220323,3500,얼갈이배추,1KG(단),2000,215
20220323,3504,얼갈이배추,1KG(단),2680,215
20220323,3500,생강,1KG,6330,247
20220323,3504,생강,1KG,10670,247
20220323,3500,당근,1KG,3000,232
20220323,3504,당근,1KG,2780,232
20220323,3500,토마토,1KG,5330,225
20220323,3504,토마토,1KG,6580,225
20220323,3504,방울토마토,1KG,8170,422
20220323,3500,파,1KG,2160,246
20220323,3504,파,1KG,2980,246
20220323,3500,고춧가루,1KG,21600,248
20220323,3504,고춧가루,1KG,38400,248
20220323,3500,고춧가루,1KG,10000,248
20220323,3504,고춧가루,1KG,12800,248
20220323,3500,파,1KG,3330,246
20220323,3500,미나리,1KG,630,252
20220323,3500,건미역,1KG,1730,642
20220323,3504,건미역,1KG,2490,642
20220323,3500,굴,1KG,14600,644
20220323,3500,찹쌀,1KG,3500,112
20220323,3504,찹쌀,1KG,6980,112
20220324,3500,건미역,1KG,1730,642
20220324,3504,건미역,1KG,2490,642
20220324,3500,토마토,1KG,5330,225
20220324,3504,토마토,1KG,6580,225
20220324,3504,방울토마토,1KG,9830,422
20220324,3500,고춧가루,1KG,21600,248
20220324,3504,고춧가루,1KG,38400,248
20220324,3500,양파,1KG,1500,245
20220324,3504,양파,1KG,1930,245
20220324,3500,새우젓,1KG,17500,650
20220324,3504,새우젓,1KG,25800,650
20220324,3500,고춧가루,1KG,10000,248
20220324,3504,고춧가루,1KG,12800,248
20220324,3500,미나리,1KG,630,252
20220324,3500,당근,1KG,3000,232
20220324,3504,당근,1KG,2780,232
20220324,3500,얼갈이배추,1KG(단),2250,215
20220324,3504,얼갈이배추,1KG(단),2680,215
20220324,3500,찹쌀,1KG,3500,112
20220324,3504,찹쌀,1KG,6980,112
20220324,3500,멸치액젓,1KG,4350,651
20220324,3504,멸치액젓,1KG,5330,651
20220324,3500,파,1KG,2160,246
20220324,3504,파,1KG,2980,246
20220324,3500,고구마(밤),1KG,5000,151
20220324,3504,고구마(밤),1KG,5980,151
20220324,3500,파,1KG,3330,246
20220324,3500,생강,1KG,6330,247
20220324,3504,생강,1KG,10670,247
20220325,3500,양파,1KG,1500,245
20220325,3504,양파,1KG,1930,245
20220325,3500,토마토,1KG,5330,225
20220325,3504,토마토,1KG,6580,225
20220325,3500,파,1KG,3330,246
20220325,3500,고춧가루,1KG,21600,248
20220325,3504,고춧가루,1KG,38400,248
20220325,3500,파,1KG,2080,246
20220325,3504,파,1KG,2980,246
20220325,3500,새우젓,1KG,17500,650
20220325,3504,새우젓,1KG,25800,650
20220325,3500,찹쌀,1KG,3500,112
20220325,3504,찹쌀,1KG,6980,112
20220325,3500,얼갈이배추,1KG(단),2250,215
20220325,3504,얼갈이배추,1KG(단),2680,215
20220325,3500,건미역,1KG,1730,642
20220325,3504,건미역,1KG,2490,642
20220325,3500,멸치액젓,1KG,4350,651
20220325,3504,멸치액젓,1KG,5330,651
20220325,3504,방울토마토,1KG,9830,422
20220325,3500,당근,1KG,3000,232
20220325,3504,당근,1KG,2780,232
20220325,3500,생강,1KG,6330,247
20220325,3504,생강,1KG,10670,247
20220325,3500,고춧가루,1KG,10000,248
20220325,3504,고춧가루,1KG,12800,248
20220325,3500,미나리,1KG,630,252
20220325,3500,고구마(밤),1KG,5000,151
20220325,3504,고구마(밤),1KG,5980,151
20220326,3500,찹쌀,1KG,3500,112
20220326,3504,찹쌀,1KG,6980,112
20220326,3500,얼갈이배추,1KG(단),2250,215
20220326,3504,얼갈이배추,1KG(단),2680,215
20220326,3504,방울토마토,1KG,9830,422
20220326,3500,고춧가루,1KG,21600,248
20220326,3504,고춧가루,1KG,38400,248
20220326,3500,고춧가루,1KG,10000,248
20220326,3504,고춧가루,1KG,12800,248
20220326,3500,미나리,1KG,630,252
20220326,3500,고구마(밤),1KG,5000,151
20220326,3504,고구마(밤),1KG,5980,151
20220326,3500,토마토,1KG,5330,225
20220326,3504,토마토,1KG,6580,225
20220326,3500,양파,1KG,1500,245
20220326,3504,양파,1KG,1930,245
20220326,3500,파,1KG,2080,246
20220326,3504,파,1KG,2980,246
20220326,3500,파,1KG,3330,246
20220326,3500,생강,1KG,6330,247
20220326,3504,생강,1KG,10670,247
20220326,3500,당근,1KG,3000,232
20220326,3504,당근,1KG,2780,232
20220327,3500,찹쌀,1KG,3500,112
20220327,3504,찹쌀,1KG,6980,112
20220327,3500,양파,1KG,1500,245
20220327,3504,양파,1KG,1930,245
20220327,3500,토마토,1KG,5330,225
20220327,3500,당근,1KG,3000,232
20220327,3504,당근,1KG,2780,232
20220327,3500,고춧가루,1KG,21600,248
20220327,3504,고춧가루,1KG,38400,248
20220327,3504,토마토,1KG,6580,225
20220327,3500,파,1KG,2080,246
20220327,3504,파,1KG,2980,246
20220327,3500,고구마(밤),1KG,5000,151
20220327,3504,고구마(밤),1KG,5980,151
20220327,3500,고춧가루,1KG,10000,248
20220327,3504,고춧가루,1KG,12800,248
20220327,3500,미나리,1KG,630,252
20220327,3500,파,1KG,3330,246
20220327,3500,생강,1KG,6330,247
20220327,3504,생강,1KG,10670,247
20220327,3500,얼갈이배추,1KG(단),2250,215
20220327,3504,얼갈이배추,1KG(단),2680,215
20220327,3504,방울토마토,1KG,9830,422
20220328,3500,생강,1KG,6330,247
20220328,3504,생강,1KG,10670,247
20220328,3500,새우젓,1KG,17500,650
20220328,3504,새우젓,1KG,25800,650
20220328,3500,당근,1KG,3000,232
20220328,3504,당근,1KG,2780,232
20220328,3500,고춧가루,1KG,21600,248
20220328,3504,고춧가루,1KG,38400,248
20220328,3500,고춧가루,1KG,10000,248
20220328,3504,고춧가루,1KG,12800,248
20220328,3500,찹쌀,1KG,3500,112
20220328,3504,찹쌀,1KG,6980,112
20220328,3500,미나리,1KG,630,252
20220328,3504,방울토마토,1KG,9830,422
20220328,3500,고구마(밤),1KG,5000,151
20220328,3504,고구마(밤),1KG,5980,151
20220328,3500,얼갈이배추,1KG(단),2250,215
20220328,3504,얼갈이배추,1KG(단),2680,215
20220328,3500,양파,1KG,1500,245
20220328,3504,양파,1KG,1930,245
20220328,3500,토마토,1KG,5330,225
20220328,3504,토마토,1KG,6580,225
20220328,3500,파,1KG,2080,246
20220328,3504,파,1KG,2980,246
20220328,3500,건미역,1KG,1730,642
20220328,3504,건미역,1KG,2490,642
20220328,3500,파,1KG,3330,246
20220328,3500,멸치액젓,1KG,4350,651
20220328,3504,멸치액젓,1KG,5330,651
20220329,3500,건미역,1KG,1730,642
20220329,3504,건미역,1KG,2490,642
20220329,3500,당근,1KG,3000,232
20220329,3504,당근,1KG,2780,232
20220329,3500,고춧가루,1KG,21600,248
20220329,3504,고춧가루,1KG,38400,248
20220329,3500,고춧가루,1KG,10000,248
20220329,3504,고춧가루,1KG,12800,248
20220329,3504,방울토마토,1KG,9830,422
20220329,3500,양파,1KG,1500,245
20220329,3504,양파,1KG,1930,245
20220329,3500,새우젓,1KG,17500,650
20220329,3504,새우젓,1KG,25800,650
20220329,3500,미나리,1KG,630,252
20220329,3500,토마토,1KG,5330,225
20220329,3504,토마토,1KG,6580,225
20220329,3500,파,1KG,2080,246
20220329,3504,파,1KG,2980,246
20220329,3500,멸치액젓,1KG,4350,651
20220329,3504,멸치액젓,1KG,5330,651
20220329,3500,얼갈이배추,1KG(단),2250,215
20220329,3504,얼갈이배추,1KG(단),2680,215
20220329,3500,찹쌀,1KG,3500,112
20220329,3504,찹쌀,1KG,6980,112
20220329,3500,파,1KG,3330,246
20220329,3500,고구마(밤),1KG,5000,151
20220329,3504,고구마(밤),1KG,5980,151
20220329,3500,생강,1KG,6330,247
20220329,3504,생강,1KG,10670,247
20220330,3500,파,1KG,3330,246
20220330,3500,당근,1KG,3000,232
20220330,3504,당근,1KG,2780,232
20220330,3500,고춧가루,1KG,21600,248
20220330,3504,고춧가루,1KG,38400,248
20220330,3500,얼갈이배추,1KG(단),2250,215
20220330,3504,얼갈이배추,1KG(단),2680,215
20220330,3500,고춧가루,1KG,10000,248
20220330,3504,고춧가루,1KG,12800,248
20220330,3500,토마토,1KG,5330,225
20220330,3504,토마토,1KG,6580,225
20220330,3500,생강,1KG,6330,247
20220330,3504,생강,1KG,10670,247
20220330,3500,새우젓,1KG,17500,650
20220330,3504,새우젓,1KG,25800,650
20220330,3500,건미역,1KG,1730,642
20220330,3504,건미역,1KG,2490,642
20220330,3500,미나리,1KG,630,252
20220330,3504,방울토마토,1KG,9830,422
20220330,3500,찹쌀,1KG,3500,112
20220330,3504,찹쌀,1KG,6980,112
20220330,3500,멸치액젓,1KG,4350,651
20220330,3504,멸치액젓,1KG,5330,651
20220330,3500,양파,1KG,1500,245
20220330,3504,양파,1KG,1930,245
20220330,3500,고구마(밤),1KG,5000,151
20220330,3504,고구마(밤),1KG,5980,151
20220330,3500,파,1KG,2080,246
20220330,3504,파,1KG,2980,246
20220331,3504,방울토마토,1KG,9830,422
20220331,3500,얼갈이배추,1KG(단),2250,215
20220331,3504,얼갈이배추,1KG(단),2680,215
20220331,3500,양파,1KG,1500,245
20220331,3504,양파,1KG,1930,245
20220331,3500,파,1KG,2080,246
20220331,3504,파,1KG,2680,246
20220331,3500,토마토,1KG,5330,225
20220331,3504,토마토,1KG,6580,225
20220331,3500,파,1KG,3330,246
20220331,3500,건미역,1KG,1730,642
20220331,3504,건미역,1KG,2990,642
20220331,3500,찹쌀,1KG,3500,112
20220331,3504,찹쌀,1KG,6980,112
20220331,3500,생강,1KG,6330,247
20220331,3504,생강,1KG,10670,247
20220331,3500,고구마(밤),1KG,5000,151
20220331,3504,고구마(밤),1KG,5980,151
20220331,3500,새우젓,1KG,17500,650
20220331,3504,새우젓,1KG,25800,650
20220331,3500,고춧가루,1KG,21600,248
20220331,3504,고춧가루,1KG,38400,248
20220331,3500,고춧가루,1KG,10000,248
20220331,3504,고춧가루,1KG,12800,248
20220331,3500,당근,1KG,3000,232
20220331,3504,당근,1KG,3480,232
20220331,3500,멸치액젓,1KG,4350,651
20220331,3504,멸치액젓,1KG,5330,651
20220331,3500,미나리,1KG,630,252
20220401,3504,방울토마토,1KG,9830,422
20220401,3500,고구마(밤),1KG,5000,151
20220401,3504,고구마(밤),1KG,5980,151
20220401,3500,당근,1KG,3000,232
20220401,3504,당근,1KG,3480,232
20220401,3500,고춧가루,1KG,10000,248
20220401,3504,고춧가루,1KG,12800,248
20220401,3500,미나리,1KG,630,252
20220401,3500,파,1KG,2080,246
20220401,3504,파,1KG,2680,246
20220401,3500,건미역,1KG,1730,642
20220401,3504,건미역,1KG,2990,642
20220401,3500,토마토,1KG,5330,225
20220401,3504,토마토,1KG,6580,225
20220401,3500,파,1KG,3330,246
20220401,3500,새우젓,1KG,17500,650
20220401,3504,새우젓,1KG,25800,650
20220401,3500,찹쌀,1KG,3500,112
20220401,3504,찹쌀,1KG,6980,112
20220401,3500,얼갈이배추,1KG(단),2250,215
20220401,3504,얼갈이배추,1KG(단),2680,215
20220401,3500,양파,1KG,1500,245
20220401,3504,양파,1KG,1930,245
20220401,3500,생강,1KG,6330,247
20220401,3504,생강,1KG,10670,247
20220401,3500,멸치액젓,1KG,4350,651
20220401,3504,멸치액젓,1KG,5330,651
20220401,3500,고춧가루,1KG,21600,248
20220401,3504,고춧가루,1KG,38400,248
20220402,3500,토마토,1KG,5330,225
20220402,3504,토마토,1KG,6580,225
20220402,3500,파,1KG,2080,246
20220402,3504,파,1KG,2680,246
20220402,3504,방울토마토,1KG,9830,422
20220402,3500,파,1KG,3330,246
20220402,3500,생강,1KG,6330,247
20220402,3504,생강,1KG,10670,247
20220402,3500,찹쌀,1KG,3500,112
20220402,3504,찹쌀,1KG,6980,112
20220402,3500,얼갈이배추,1KG(단),2250,215
20220402,3504,얼갈이배추,1KG(단),2680,215
20220402,3500,고춧가루,1KG,21600,248
20220402,3504,고춧가루,1KG,38400,248
20220402,3500,고춧가루,1KG,10000,248
20220402,3504,고춧가루,1KG,12800,248
20220402,3500,미나리,1KG,630,252
20220402,3500,양파,1KG,1500,245
20220402,3504,양파,1KG,1930,245
20220402,3500,고구마(밤),1KG,5000,151
20220402,3504,고구마(밤),1KG,5980,151
20220402,3500,당근,1KG,3000,232
20220402,3504,당근,1KG,3480,232
20220403,3504,방울토마토,1KG,9830,422
20220403,3500,파,1KG,3330,246
20220403,3500,고구마(밤),1KG,5000,151
20220403,3504,고구마(밤),1KG,5980,151
20220403,3500,찹쌀,1KG,3500,112
20220403,3504,찹쌀,1KG,6980,112
20220403,3500,생강,1KG,6330,247
20220403,3504,생강,1KG,10670,247
20220403,3500,얼갈이배추,1KG(단),2250,215
20220403,3504,얼갈이배추,1KG(단),2680,215
20220403,3500,당근,1KG,3000,232
20220403,3504,당근,1KG,3480,232
20220403,3500,고춧가루,1KG,21600,248
20220403,3504,고춧가루,1KG,38400,248
20220403,3500,고춧가루,1KG,10000,248
20220403,3504,고춧가루,1KG,12800,248
20220403,3500,미나리,1KG,630,252
20220403,3500,토마토,1KG,5330,225
20220403,3504,토마토,1KG,6580,225
20220403,3500,양파,1KG,1500,245
20220403,3504,양파,1KG,1930,245
20220403,3500,파,1KG,2080,246
20220403,3504,파,1KG,2680,246
20220404,3500,고춧가루,1KG,21600,248
20220404,3504,고춧가루,1KG,38400,248
20220404,3500,당근,1KG,3000,232
20220404,3504,당근,1KG,3480,232
20220404,3500,파,1KG,3330,246
20220404,3500,고춧가루,1KG,10000,248
20220404,3504,고춧가루,1KG,12800,248
20220404,3500,건미역,1KG,1730,642
20220404,3504,건미역,1KG,2990,642
20220404,3500,찹쌀,1KG,3500,112
20220404,3504,찹쌀,1KG,6980,112
20220404,3500,미나리,1KG,630,252
20220404,3504,방울토마토,1KG,9830,422
20220404,3500,고구마(밤),1KG,5000,151
20220404,3504,고구마(밤),1KG,5980,151
20220404,3500,새우젓,1KG,17500,650
20220404,3504,새우젓,1KG,25800,650
20220404,3500,얼갈이배추,1KG(단),2250,215
20220404,3504,얼갈이배추,1KG(단),2680,215
20220404,3500,양파,1KG,1500,245
20220404,3504,양파,1KG,1930,245
20220404,3500,멸치액젓,1KG,4350,651
20220404,3504,멸치액젓,1KG,5330,651
20220404,3500,토마토,1KG,5330,225
20220404,3504,토마토,1KG,6580,225
20220404,3500,파,1KG,2000,246
20220404,3504,파,1KG,2680,246
20220404,3500,생강,1KG,6330,247
20220404,3504,생강,1KG,10670,247
20220405,3500,찹쌀,1KG,3500,112
20220405,3504,찹쌀,1KG,6980,112
20220405,3504,방울토마토,1KG,9830,422
20220405,3500,고구마(밤),1KG,5000,151
20220405,3504,고구마(밤),1KG,5980,151
20220405,3500,양파,1KG,1500,245
20220405,3504,양파,1KG,1930,245
20220405,3500,토마토,1KG,5330,225
20220405,3504,토마토,1KG,6580,225
20220405,3500,새우젓,1KG,17500,650
20220405,3504,새우젓,1KG,25800,650
20220405,3500,고춧가루,1KG,21600,248
20220405,3504,고춧가루,1KG,38400,248
20220405,3500,고춧가루,1KG,10000,248
20220405,3504,고춧가루,1KG,12800,248
20220405,3500,파,1KG,2000,246
20220405,3504,파,1KG,2680,246
20220405,3500,멸치액젓,1KG,4350,651
20220405,3504,멸치액젓,1KG,5330,651
20220405,3500,당근,1KG,3000,232
20220405,3504,당근,1KG,3480,232
20220405,3500,미나리,1KG,630,252
20220405,3500,얼갈이배추,1KG(단),2250,215
20220405,3504,얼갈이배추,1KG(단),2680,215
20220405,3500,파,1KG,3330,246
20220405,3500,생강,1KG,6330,247
20220405,3504,생강,1KG,10670,247
20220405,3500,건미역,1KG,1730,642
20220405,3504,건미역,1KG,2990,642
20220406,3500,고구마(밤),1KG,5000,151
20220406,3504,고구마(밤),1KG,5980,151
20220406,3500,건미역,1KG,1730,642
20220406,3504,건미역,1KG,2990,642
20220406,3500,찹쌀,1KG,3500,112
20220406,3500,얼갈이배추,1KG(단),2250,215
20220406,3504,얼갈이배추,1KG(단),2680,215
20220406,3500,생강,1KG,6330,247
20220406,3504,생강,1KG,10670,247
20220406,3504,방울토마토,1KG,9830,422
20220406,3500,새우젓,1KG,17500,650
20220406,3504,새우젓,1KG,25800,650
20220406,3500,양파,1KG,1500,245
20220406,3504,양파,1KG,1930,245
20220406,3500,당근,1KG,3000,232
20220406,3504,당근,1KG,3480,232
20220406,3500,고춧가루,1KG,21600,248
20220406,3504,고춧가루,1KG,38400,248
20220406,3500,멸치액젓,1KG,4350,651
20220406,3504,멸치액젓,1KG,5330,651
20220406,3500,고춧가루,1KG,10000,248
20220406,3504,고춧가루,1KG,12800,248
20220406,3500,토마토,1KG,5330,225
20220406,3504,토마토,1KG,6580,225
20220406,3500,파,1KG,2000,246
20220406,3504,파,1KG,2680,246
20220406,3500,미나리,1KG,630,252
20220406,3500,파,1KG,3330,246
20220406,3504,찹쌀,1KG,6980,112
20220407,3504,찹쌀,1KG,6980,112
20220407,3500,양파,1KG,1500,245
20220407,3500,건미역,1KG,1730,642
20220407,3504,건미역,1KG,2990,642
20220407,3500,멸치액젓,1KG,4350,651
20220407,3504,멸치액젓,1KG,5330,651
20220407,3500,얼갈이배추,1KG(단),2000,215
20220407,3504,얼갈이배추,1KG(단),2750,215
20220407,3500,고구마(밤),1KG,5000,151
20220407,3504,고구마(밤),1KG,5980,151
20220407,3500,파,1KG,2000,246
20220407,3504,파,1KG,2580,246
20220407,3504,방울토마토,1KG,13170,422
20220407,3500,파,1KG,3330,246
20220407,3500,당근,1KG,3000,232
20220407,3504,당근,1KG,3480,232
20220407,3500,고춧가루,1KG,21600,248
20220407,3504,고춧가루,1KG,38400,248
20220407,3500,고춧가루,1KG,10000,248
20220407,3504,고춧가루,1KG,12800,248
20220407,3500,찹쌀,1KG,3500,112
20220407,3504,양파,1KG,1770,245
20220407,3500,생강,1KG,6330,247
20220407,3504,생강,1KG,10670,247
20220407,3500,새우젓,1KG,17500,650
20220407,3504,새우젓,1KG,25800,650
20220407,3500,토마토,1KG,5330,225
20220407,3504,토마토,1KG,6580,225
20220407,3500,미나리,1KG,630,252
20220408,3500,건미역,1KG,1730,642
20220408,3504,건미역,1KG,2990,642
20220408,3500,새우젓,1KG,17500,650
20220408,3500,고구마(밤),1KG,5000,151
20220408,3504,고구마(밤),1KG,5980,151
20220408,3500,생강,1KG,6330,247
20220408,3504,생강,1KG,10670,247
20220408,3504,새우젓,1KG,25800,650
20220408,3500,멸치액젓,1KG,4350,651
20220408,3504,멸치액젓,1KG,5330,651
20220408,3500,당근,1KG,3000,232
20220408,3504,당근,1KG,3480,232
20220408,3500,고춧가루,1KG,21600,248
20220408,3504,고춧가루,1KG,38400,248
20220408,3500,얼갈이배추,1KG(단),2000,215
20220408,3504,얼갈이배추,1KG(단),2750,215
20220408,3500,열무,1KG(1단),2500,233
20220408,3500,고춧가루,1KG,10000,248
20220408,3504,고춧가루,1KG,12800,248
20220408,3504,양파,1KG,1770,245
20220408,3500,미나리,1KG,630,252
20220408,3504,방울토마토,1KG,13170,422
20220408,3500,토마토,1KG,5330,225
20220408,3504,토마토,1KG,6580,225
20220408,3500,찹쌀,1KG,3500,112
20220408,3500,파,1KG,2000,246
20220408,3504,파,1KG,2580,246
20220408,3500,파,1KG,3330,246
20220408,3504,찹쌀,1KG,6980,112
20220408,3500,양파,1KG,1500,245
20220409,3500,찹쌀,1KG,3500,112
20220409,3500,당근,1KG,3000,232
20220409,3504,당근,1KG,3480,232
20220409,3500,고구마(밤),1KG,5000,151
20220409,3504,고구마(밤),1KG,5980,151
20220409,3500,파,1KG,2000,246
20220409,3504,파,1KG,2580,246
20220409,3504,방울토마토,1KG,13170,422
20220409,3500,고춧가루,1KG,21600,248
20220409,3504,고춧가루,1KG,38400,248
20220409,3500,고춧가루,1KG,10000,248
20220409,3504,고춧가루,1KG,12800,248
20220409,3500,파,1KG,3330,246
20220409,3500,미나리,1KG,630,252
20220409,3500,양파,1KG,1500,245
20220409,3504,양파,1KG,1770,245
20220409,3500,열무,1KG(1단),2500,233
20220409,3500,생강,1KG,6330,247
20220409,3504,생강,1KG,10670,247
20220409,3500,토마토,1KG,5330,225
20220409,3504,토마토,1KG,6580,225
20220409,3500,얼갈이배추,1KG(단),2000,215
20220409,3504,얼갈이배추,1KG(단),2750,215
20220410,3500,토마토,1KG,5330,225
20220410,3504,토마토,1KG,6580,225
20220410,3500,파,1KG,3330,246
20220410,3500,생강,1KG,6330,247
20220410,3504,생강,1KG,10670,247
20220410,3500,고춧가루,1KG,21600,248
20220410,3504,고춧가루,1KG,38400,248
20220410,3500,고춧가루,1KG,10000,248
20220410,3504,고춧가루,1KG,12800,248
20220410,3500,고구마(밤),1KG,5000,151
20220410,3504,고구마(밤),1KG,5980,151
20220410,3500,얼갈이배추,1KG(단),2000,215
20220410,3504,얼갈이배추,1KG(단),2750,215
20220410,3500,찹쌀,1KG,3500,112
20220410,3500,당근,1KG,3000,232
20220410,3504,당근,1KG,3480,232
20220410,3504,방울토마토,1KG,13170,422
20220410,3500,열무,1KG(1단),2500,233
20220410,3504,양파,1KG,1770,245
20220410,3500,파,1KG,2000,246
20220410,3504,파,1KG,2580,246
20220410,3500,미나리,1KG,630,252
20220411,3500,파,1KG,2000,246
20220411,3504,파,1KG,2580,246
20220411,3500,고춧가루,1KG,21600,248
20220411,3504,고춧가루,1KG,38400,248
20220411,3500,고춧가루,1KG,10000,248
20220411,3504,고춧가루,1KG,12800,248
20220411,3500,미나리,1KG,630,252
20220411,3500,새우젓,1KG,17500,650
20220411,3504,새우젓,1KG,25800,650
20220411,3500,건미역,1KG,1730,642
20220411,3504,건미역,1KG,2990,642
20220411,3500,파,1KG,3330,246
20220411,3500,당근,1KG,3000,232
20220411,3504,당근,1KG,3480,232
20220411,3500,생강,1KG,6330,247
20220411,3504,생강,1KG,10670,247
20220411,3500,열무,1KG(1단),2500,233
20220411,3500,토마토,1KG,5330,225
20220411,3504,토마토,1KG,6580,225
20220411,3500,멸치액젓,1KG,4350,651
20220411,3504,멸치액젓,1KG,5330,651
20220411,3504,양파,1KG,1770,245
20220411,3504,방울토마토,1KG,13170,422
20220411,3500,얼갈이배추,1KG(단),2000,215
20220411,3504,얼갈이배추,1KG(단),2750,215
20220411,3500,고구마(밤),1KG,5000,151
20220411,3504,고구마(밤),1KG,5980,151
20220411,3500,찹쌀,1KG,3500,112
20220412,3500,생강,1KG,6330,247
20220412,3504,생강,1KG,10670,247
20220412,3500,건미역,1KG,1730,642
20220412,3504,건미역,1KG,2990,642
20220412,3500,새우젓,1KG,17500,650
20220412,3504,새우젓,1KG,25800,650
20220412,3500,고춧가루,1KG,21600,248
20220412,3504,고춧가루,1KG,38400,248
20220412,3500,당근,1KG,3000,232
20220412,3504,당근,1KG,3480,232
20220412,3500,고춧가루,1KG,10000,248
20220412,3504,고춧가루,1KG,12800,248
20220412,3500,미나리,1KG,630,252
20220412,3500,얼갈이배추,1KG(단),2000,215
20220412,3504,얼갈이배추,1KG(단),2650,215
20220412,3500,멸치액젓,1KG,4350,651
20220412,3504,멸치액젓,1KG,5330,651
20220412,3504,방울토마토,1KG,13170,422
20220412,3500,고구마(밤),1KG,5000,151
20220412,3504,고구마(밤),1KG,5980,151
20220412,3500,열무,1KG(1단),1870,233
20220412,3504,양파,1KG,1770,245
20220412,3500,찹쌀,1KG,3500,112
20220412,3500,토마토,1KG,5330,225
20220412,3504,토마토,1KG,6580,225
20220412,3500,파,1KG,1910,246
20220412,3504,파,1KG,2580,246
20220412,3500,파,1KG,3330,246
20220413,3500,고구마(밤),1KG,5000,151
20220413,3504,고구마(밤),1KG,5980,151
20220413,3500,열무,1KG(1단),1870,233
20220413,3500,생강,1KG,6330,247
20220413,3504,생강,1KG,10670,247
20220413,3500,찹쌀,1KG,3500,112
20220413,3500,얼갈이배추,1KG(단),2000,215
20220413,3504,얼갈이배추,1KG(단),2650,215
20220413,3500,토마토,1KG,5330,225
20220413,3504,토마토,1KG,6580,225
20220413,3504,양파,1KG,1770,245
20220413,3500,새우젓,1KG,17500,650
20220413,3504,새우젓,1KG,25800,650
20220413,3500,멸치액젓,1KG,4350,651
20220413,3504,멸치액젓,1KG,5330,651
20220413,3504,방울토마토,1KG,13170,422
20220413,3500,고춧가루,1KG,21600,248
20220413,3504,고춧가루,1KG,38400,248
20220413,3500,고춧가루,1KG,10000,248
20220413,3504,고춧가루,1KG,12800,248
20220413,3500,파,1KG,1910,246
20220413,3504,파,1KG,2580,246
20220413,3500,당근,1KG,3000,232
20220413,3500,파,1KG,3330,246
20220413,3504,당근,1KG,3480,232
20220413,3500,미나리,1KG,630,252
20220413,3500,건미역,1KG,1730,642
20220413,3504,건미역,1KG,2990,642
20220414,3500,열무,1KG(1단),2000,233
20220414,3500,파,1KG,1910,246
20220414,3504,파,1KG,2580,246
20220414,3500,파,1KG,3330,246
20220414,3500,토마토,1KG,5330,225
20220414,3504,토마토,1KG,5750,225
20220414,3500,새우젓,1KG,17500,650
20220414,3504,새우젓,1KG,25800,650
20220414,3500,찹쌀,1KG,3500,112
20220414,3504,고구마(밤),1KG,5980,151
20220414,3500,얼갈이배추,1KG(단),2000,215
20220414,3504,얼갈이배추,1KG(단),2680,215
20220414,3500,고춧가루,1KG,10000,248
20220414,3504,고춧가루,1KG,12800,248
20220414,3500,당근,1KG,3000,232
20220414,3504,당근,1KG,3180,232
20220414,3500,고구마(밤),1KG,5000,151
20220414,3500,고춧가루,1KG,21600,248
20220414,3504,고춧가루,1KG,38400,248
20220414,3500,미나리,1KG,630,252
20220414,3500,멸치액젓,1KG,4350,651
20220414,3504,멸치액젓,1KG,5330,651
20220414,3500,생강,1KG,6330,247
20220414,3504,생강,1KG,10670,247
20220414,3500,건미역,1KG,1730,642
20220414,3504,건미역,1KG,2990,642
20220414,3504,방울토마토,1KG,8170,422
20220414,3504,양파,1KG,1770,245
20220415,3500,토마토,1KG,5330,225
20220415,3504,토마토,1KG,5750,225
20220415,3500,파,1KG,1910,246
20220415,3504,파,1KG,2580,246
20220415,3500,생강,1KG,6330,247
20220415,3504,생강,1KG,10670,247
20220415,3500,멸치액젓,1KG,4350,651
20220415,3504,멸치액젓,1KG,5330,651
20220415,3504,방울토마토,1KG,8170,422
20220415,3500,고구마(밤),1KG,5000,151
20220415,3504,고구마(밤),1KG,5980,151
20220415,3500,당근,1KG,3000,232
20220415,3504,당근,1KG,3180,232
20220415,3500,고춧가루,1KG,21600,248
20220415,3504,고춧가루,1KG,38400,248
20220415,3500,고춧가루,1KG,10000,248
20220415,3504,고춧가루,1KG,12800,248
20220415,3500,미나리,1KG,630,252
20220415,3500,건미역,1KG,1730,642
20220415,3504,건미역,1KG,2990,642
20220415,3500,얼갈이배추,1KG(단),2000,215
20220415,3504,얼갈이배추,1KG(단),2680,215
20220415,3500,열무,1KG(1단),1870,233
20220415,3504,양파,1KG,1770,245
20220415,3500,찹쌀,1KG,3500,112
20220415,3504,찹쌀,1KG,3200,112
20220415,3500,파,1KG,3330,246
20220415,3500,새우젓,1KG,17500,650
20220415,3504,새우젓,1KG,25800,650
20220416,3500,토마토,1KG,5330,225
20220416,3504,토마토,1KG,5750,225
20220416,3500,파,1KG,3330,246
20220416,3500,당근,1KG,3000,232
20220416,3504,당근,1KG,3180,232
20220416,3500,고춧가루,1KG,10000,248
20220416,3504,고춧가루,1KG,12800,248
20220416,3504,양파,1KG,1770,245
20220416,3500,열무,1KG(1단),1870,233
20220416,3500,고춧가루,1KG,21600,248
20220416,3504,고춧가루,1KG,38400,248
20220416,3500,미나리,1KG,630,252
20220416,3500,고구마(밤),1KG,5000,151
20220416,3504,고구마(밤),1KG,5980,151
20220416,3504,방울토마토,1KG,8170,422
20220416,3500,파,1KG,1910,246
20220416,3504,파,1KG,2580,246
20220416,3500,얼갈이배추,1KG(단),2000,215
20220416,3504,얼갈이배추,1KG(단),2680,215
20220416,3500,찹쌀,1KG,3500,112
20220416,3504,찹쌀,1KG,3200,112
20220416,3500,생강,1KG,6330,247
20220416,3504,생강,1KG,10670,247
20220417,3500,파,1KG,1910,246
20220417,3504,파,1KG,2580,246
20220417,3504,고춧가루,1KG,12800,248
20220417,3500,미나리,1KG,630,252
20220417,3500,토마토,1KG,5330,225
20220417,3504,토마토,1KG,5750,225
20220417,3500,찹쌀,1KG,3500,112
20220417,3504,찹쌀,1KG,3200,112
20220417,3504,방울토마토,1KG,8170,422
20220417,3500,열무,1KG(1단),1870,233
20220417,3500,파,1KG,3330,246
20220417,3500,생강,1KG,6330,247
20220417,3504,생강,1KG,10670,247
20220417,3504,양파,1KG,1770,245
20220417,3500,얼갈이배추,1KG(단),2000,215
20220417,3504,얼갈이배추,1KG(단),2680,215
20220417,3500,당근,1KG,3000,232
20220417,3504,당근,1KG,3180,232
20220417,3500,고구마(밤),1KG,5000,151
20220417,3504,고구마(밤),1KG,5980,151
20220417,3500,고춧가루,1KG,21600,248
20220417,3504,고춧가루,1KG,38400,248
20220417,3500,고춧가루,1KG,10000,248
20220418,3504,고구마(밤),1KG,5980,151
20220418,3500,파,1KG,1910,246
20220418,3504,파,1KG,2580,246
20220418,3500,당근,1KG,3000,232
20220418,3504,당근,1KG,3180,232
20220418,3500,건미역,1KG,1730,642
20220418,3504,건미역,1KG,2990,642
20220418,3500,새우젓,1KG,17500,650
20220418,3504,새우젓,1KG,25800,650
20220418,3500,파,1KG,3330,246
20220418,3500,얼갈이배추,1KG(단),1870,215
20220418,3504,얼갈이배추,1KG(단),2680,215
20220418,3500,멸치액젓,1KG,4350,651
20220418,3504,멸치액젓,1KG,5330,651
20220418,3500,찹쌀,1KG,3500,112
20220418,3504,찹쌀,1KG,3200,112
20220418,3500,생강,1KG,6330,247
20220418,3504,생강,1KG,10670,247
20220418,3500,열무,1KG(1단),1870,233
20220418,3504,방울토마토,1KG,8170,422
20220418,3500,고춧가루,1KG,21600,248
20220418,3504,고춧가루,1KG,38400,248
20220418,3504,양파,1KG,1770,245
20220418,3500,토마토,1KG,5330,225
20220418,3504,토마토,1KG,5750,225
20220418,3500,고춧가루,1KG,10000,248
20220418,3504,고춧가루,1KG,12800,248
20220418,3500,미나리,1KG,630,252
20220418,3500,고구마(밤),1KG,5000,151
20220419,3500,당근,1KG,3000,232
20220419,3504,당근,1KG,3180,232
20220419,3500,고춧가루,1KG,21600,248
20220419,3504,고춧가루,1KG,38400,248
20220419,3504,양파,1KG,1770,245
20220419,3500,파,1KG,1910,246
20220419,3504,파,1KG,2580,246
20220419,3500,건미역,1KG,1730,642
20220419,3504,방울토마토,1KG,8170,422
20220419,3500,고구마(밤),1KG,5000,151
20220419,3504,고구마(밤),1KG,5980,151
20220419,3500,얼갈이배추,1KG(단),1870,215
20220419,3504,얼갈이배추,1KG(단),2680,215
20220419,3500,토마토,1KG,5330,225
20220419,3504,토마토,1KG,5750,225
20220419,3500,열무,1KG(1단),1870,233
20220419,3500,파,1KG,3330,246
20220419,3500,고춧가루,1KG,10000,248
20220419,3504,고춧가루,1KG,12800,248
20220419,3504,건미역,1KG,2990,642
20220419,3500,새우젓,1KG,17500,650
20220419,3504,새우젓,1KG,25800,650
20220419,3500,미나리,1KG,630,252
20220419,3500,멸치액젓,1KG,4350,651
20220419,3504,멸치액젓,1KG,5330,651
20220419,3500,찹쌀,1KG,3500,112
20220419,3504,찹쌀,1KG,3200,112
20220419,3500,생강,1KG,6330,247
20220419,3504,생강,1KG,10670,247
20220420,3504,양파,1KG,1770,245
20220420,3500,열무,1KG(1단),1870,233
20220420,3500,새우젓,1KG,17500,650
20220420,3504,새우젓,1KG,25800,650
20220420,3504,방울토마토,1KG,8170,422
20220420,3500,멸치액젓,1KG,4350,651
20220420,3504,멸치액젓,1KG,5330,651
20220420,3500,고구마(밤),1KG,5000,151
20220420,3504,고구마(밤),1KG,5980,151
20220420,3500,토마토,1KG,5330,225
20220420,3504,토마토,1KG,5750,225
20220420,3500,파,1KG,1910,246
20220420,3504,파,1KG,2580,246
20220420,3500,파,1KG,3330,246
20220420,3500,고춧가루,1KG,21600,248
20220420,3504,고춧가루,1KG,38400,248
20220420,3500,고춧가루,1KG,10000,248
20220420,3504,고춧가루,1KG,12800,248
20220420,3500,생강,1KG,6330,247
20220420,3504,생강,1KG,10670,247
20220420,3500,미나리,1KG,630,252
20220420,3500,건미역,1KG,1730,642
20220420,3504,건미역,1KG,2990,642
20220420,3500,찹쌀,1KG,3500,112
20220420,3504,찹쌀,1KG,3200,112
20220420,3500,당근,1KG,3000,232
20220420,3504,당근,1KG,3180,232
20220420,3500,얼갈이배추,1KG(단),1870,215
20220420,3504,얼갈이배추,1KG(단),2680,215
20220421,3500,생강,1KG,6330,247
20220421,3504,생강,1KG,10670,247
20220421,3500,고구마(밤),1KG,5000,151
20220421,3504,고구마(밤),1KG,5490,151
20220421,3500,새우젓,1KG,17500,650
20220421,3504,새우젓,1KG,25800,650
20220421,3500,멸치액젓,1KG,4350,651
20220421,3504,멸치액젓,1KG,5330,651
20220421,3504,양파,1KG,1770,245
20220421,3500,당근,1KG,3000,232
20220421,3504,당근,1KG,3980,232
20220421,3500,고춧가루,1KG,21600,248
20220421,3504,고춧가루,1KG,38400,248
20220421,3500,얼갈이배추,1KG(단),1870,215
20220421,3504,얼갈이배추,1KG(단),2830,215
20220421,3500,고춧가루,1KG,10000,248
20220421,3504,고춧가루,1KG,12800,248
20220421,3500,미나리,1KG,630,252
20220421,3504,방울토마토,1KG,8170,422
20220421,3500,찹쌀,1KG,3500,112
20220421,3504,찹쌀,1KG,3200,112
20220421,3500,열무,1KG(1단),1750,233
20220421,3504,양파,1KG,1990,245
20220421,3500,토마토,1KG,5330,225
20220421,3504,토마토,1KG,5750,225
20220421,3500,파,1KG,1910,246
20220421,3504,파,1KG,1980,246
20220421,3500,파,1KG,3330,246
20220421,3500,건미역,1KG,1730,642
20220421,3504,건미역,1KG,2990,642
20220422,3500,토마토,1KG,5000,225
20220422,3504,토마토,1KG,5750,225
20220422,3500,파,1KG,1910,246
20220422,3504,파,1KG,2480,246
20220422,3500,고춧가루,1KG,10000,248
20220422,3504,고춧가루,1KG,12800,248
20220422,3500,파,1KG,3330,246
20220422,3500,얼갈이배추,1KG(단),1870,215
20220422,3504,얼갈이배추,1KG(단),2830,215
20220422,3500,열무,1KG(1단),1750,233
20220422,3500,멸치액젓,1KG,4350,651
20220422,3504,멸치액젓,1KG,5330,651
20220422,3500,미나리,1KG,630,252
20220422,3500,고구마(밤),1KG,5000,151
20220422,3504,고구마(밤),1KG,5490,151
20220422,3504,방울토마토,1KG,8170,422
20220422,3500,찹쌀,1KG,3500,112
20220422,3504,찹쌀,1KG,3200,112
20220422,3504,양파,1KG,1770,245
20220422,3500,생강,1KG,6330,247
20220422,3504,생강,1KG,10670,247
20220422,3500,건미역,1KG,1730,642
20220422,3504,건미역,1KG,2990,642
20220422,3504,양파,1KG,1990,245
20220422,3500,당근,1KG,3000,232
20220422,3504,당근,1KG,3980,232
20220422,3500,고춧가루,1KG,21600,248
20220422,3504,고춧가루,1KG,38400,248
20220422,3500,새우젓,1KG,17500,650
20220422,3504,새우젓,1KG,25800,650
20220423,3500,파,1KG,1910,246
20220423,3504,파,1KG,2480,246
20220423,3500,파,1KG,3330,246
20220423,3500,생강,1KG,6330,247
20220423,3504,생강,1KG,10670,247
20220423,3500,찹쌀,1KG,3500,112
20220423,3504,찹쌀,1KG,3200,112
20220423,3500,당근,1KG,3000,232
20220423,3504,당근,1KG,3980,232
20220423,3500,고구마(밤),1KG,5000,151
20220423,3504,고구마(밤),1KG,5490,151
20220423,3500,고춧가루,1KG,21600,248
20220423,3504,고춧가루,1KG,38400,248
20220423,3500,얼갈이배추,1KG(단),1870,215
20220423,3504,얼갈이배추,1KG(단),2830,215
20220423,3500,고춧가루,1KG,10000,248
20220423,3504,고춧가루,1KG,12800,248
20220423,3500,미나리,1KG,630,252
20220423,3500,열무,1KG(1단),1750,233
20220423,3504,방울토마토,1KG,8170,422
20220423,3500,토마토,1KG,5000,225
20220423,3504,토마토,1KG,5750,225
20220423,3504,양파,1KG,1990,245
20220424,3504,양파,1KG,1990,245
20220424,3500,파,1KG,1910,246
20220424,3504,파,1KG,2480,246
20220424,3500,얼갈이배추,1KG(단),1870,215
20220424,3504,얼갈이배추,1KG(단),2830,215
20220424,3500,파,1KG,3330,246
20220424,3500,고구마(밤),1KG,5000,151
20220424,3504,고구마(밤),1KG,5490,151
20220424,3500,토마토,1KG,5000,225
20220424,3504,토마토,1KG,5750,225
20220424,3500,생강,1KG,6330,247
20220424,3504,생강,1KG,10670,247
20220424,3500,찹쌀,1KG,3500,112
20220424,3504,찹쌀,1KG,3200,112
20220424,3500,고춧가루,1KG,21600,248
20220424,3504,고춧가루,1KG,38400,248
20220424,3500,당근,1KG,3000,232
20220424,3504,당근,1KG,3980,232
20220424,3500,고춧가루,1KG,10000,248
20220424,3504,고춧가루,1KG,12800,248
20220424,3500,미나리,1KG,630,252
20220424,3500,열무,1KG(1단),1750,233
20220424,3504,방울토마토,1KG,8170,422
20220425,3500,찹쌀,1KG,3500,112
20220425,3504,찹쌀,1KG,3200,112
20220425,3500,고춧가루,1KG,10000,248
20220425,3504,고춧가루,1KG,12800,248
20220425,3500,미나리,1KG,630,252
20220425,3504,방울토마토,1KG,8170,422
20220425,3504,양파,1KG,1990,245
20220425,3500,파,1KG,1910,246
20220425,3504,파,1KG,2480,246
20220425,3500,토마토,1KG,5000,225
20220425,3504,토마토,1KG,5750,225
20220425,3500,당근,1KG,3000,232
20220425,3500,고구마(밤),1KG,5000,151
20220425,3504,고구마(밤),1KG,5490,151
20220425,3500,파,1KG,3330,246
20220425,3504,당근,1KG,3980,232
20220425,3500,건미역,1KG,1730,642
20220425,3504,건미역,1KG,2990,642
20220425,3500,열무,1KG(1단),1870,233
20220425,3500,새우젓,1KG,17500,650
20220425,3504,새우젓,1KG,25800,650
20220425,3500,생강,1KG,6330,247
20220425,3504,생강,1KG,10670,247
20220425,3500,얼갈이배추,1KG(단),1870,215
20220425,3504,얼갈이배추,1KG(단),2830,215
20220425,3500,고춧가루,1KG,21600,248
20220425,3504,고춧가루,1KG,38400,248
20220425,3500,멸치액젓,1KG,4350,651
20220425,3504,멸치액젓,1KG,5330,651
20220426,3504,양파,1KG,1990,245
20220426,3500,파,1KG,1910,246
20220426,3504,파,1KG,2480,246
20220426,3500,파,1KG,3330,246
20220426,3500,생강,1KG,6330,247
20220426,3504,생강,1KG,10670,247
20220426,3500,열무,1KG(1단),1870,233
20220426,3500,건미역,1KG,1730,642
20220426,3504,건미역,1KG,2990,642
20220426,3500,얼갈이배추,1KG(단),1870,215
20220426,3504,얼갈이배추,1KG(단),2830,215
20220426,3500,새우젓,1KG,17500,650
20220426,3504,새우젓,1KG,25800,650
20220426,3500,멸치액젓,1KG,4350,651
20220426,3504,멸치액젓,1KG,5330,651
20220426,3500,당근,1KG,3000,232
20220426,3504,당근,1KG,3980,232
20220426,3500,찹쌀,1KG,3500,112
20220426,3504,찹쌀,1KG,3200,112
20220426,3504,방울토마토,1KG,8170,422
20220426,3500,고춧가루,1KG,21600,248
20220426,3504,고춧가루,1KG,38400,248
20220426,3500,고춧가루,1KG,10000,248
20220426,3504,고춧가루,1KG,12800,248
20220426,3500,미나리,1KG,630,252
20220426,3500,토마토,1KG,5000,225
20220426,3504,토마토,1KG,5750,225
20220426,3500,고구마(밤),1KG,5000,151
20220426,3504,고구마(밤),1KG,5490,151
20220427,3500,토마토,1KG,5000,225
20220427,3504,토마토,1KG,5750,225
20220427,3500,찹쌀,1KG,3500,112
20220427,3504,찹쌀,1KG,3200,112
20220427,3500,멸치액젓,1KG,4350,651
20220427,3504,멸치액젓,1KG,5330,651
20220427,3500,당근,1KG,3000,232
20220427,3504,당근,1KG,3980,232
20220427,3504,방울토마토,1KG,8170,422
20220427,3500,파,1KG,1910,246
20220427,3504,파,1KG,2480,246
20220427,3500,고춧가루,1KG,21600,248
20220427,3504,고춧가루,1KG,38400,248
20220427,3500,건미역,1KG,1730,642
20220427,3504,건미역,1KG,2990,642
20220427,3500,고구마(밤),1KG,5000,151
20220427,3504,고구마(밤),1KG,5490,151
20220427,3500,열무,1KG(1단),1870,233
20220427,3500,파,1KG,3330,246
20220427,3500,생강,1KG,6330,247
20220427,3504,생강,1KG,10670,247
20220427,3500,고춧가루,1KG,10000,248
20220427,3504,고춧가루,1KG,12800,248
20220427,3500,미나리,1KG,630,252
20220427,3500,양파,1KG,1660,245
20220427,3504,양파,1KG,1990,245
20220427,3500,얼갈이배추,1KG(단),1870,215
20220427,3504,얼갈이배추,1KG(단),2830,215
20220427,3500,새우젓,1KG,17500,650
20220427,3504,새우젓,1KG,25800,650
20220428,3500,양파,1KG,1660,245
20220428,3504,양파,1KG,1990,245
20220428,3500,파,1KG,3330,246
20220428,3500,새우젓,1KG,17500,650
20220428,3504,새우젓,1KG,25800,650
20220428,3500,생강,1KG,6330,247
20220428,3504,생강,1KG,10670,247
20220428,3500,멸치액젓,1KG,4350,651
20220428,3504,멸치액젓,1KG,5330,651
20220428,3500,얼갈이배추,1KG(단),1870,215
20220428,3504,얼갈이배추,1KG(단),2830,215
20220428,3500,미나리,1KG,630,252
20220428,3500,고춧가루,1KG,21600,248
20220428,3500,고구마(밤),1KG,5000,151
20220428,3504,고구마(밤),1KG,5490,151
20220428,3500,찹쌀,1KG,3500,112
20220428,3504,찹쌀,1KG,3200,112
20220428,3500,당근,1KG,3000,232
20220428,3504,당근,1KG,3980,232
20220428,3500,고춧가루,1KG,10000,248
20220428,3504,고춧가루,1KG,12800,248
20220428,3504,방울토마토,1KG,8170,422
20220428,3500,건미역,1KG,1730,642
20220428,3504,건미역,1KG,2490,642
20220428,3500,토마토,1KG,5000,225
20220428,3504,토마토,1KG,4920,225
20220428,3500,파,1KG,1910,246
20220428,3504,파,1KG,2380,246
20220428,3500,열무,1KG(1단),1870,233
20220428,3504,고춧가루,1KG,38400,248
20220429,3504,고춧가루,1KG,38400,248
20220429,3500,양파,1KG,1330,245
20220429,3504,양파,1KG,1990,245
20220429,3500,파,1KG,2160,246
20220429,3504,파,1KG,2380,246
20220429,3500,파,1KG,3330,246
20220429,3500,토마토,1KG,4660,225
20220429,3504,토마토,1KG,4920,225
20220429,3500,생강,1KG,6330,247
20220429,3504,생강,1KG,10670,247
20220429,3500,고춧가루,1KG,21600,248
20220429,3500,당근,1KG,3000,232
20220429,3504,당근,1KG,3980,232
20220429,3500,고춧가루,1KG,10000,248
20220429,3504,고춧가루,1KG,12800,248
20220429,3500,미나리,1KG,630,252
20220429,3500,열무,1KG(1단),1870,233
20220429,3500,얼갈이배추,1KG(단),1870,215
20220429,3504,얼갈이배추,1KG(단),2830,215
20220429,3500,찹쌀,1KG,3500,112
20220429,3504,찹쌀,1KG,3200,112
20220429,3504,건미역,1KG,2490,642
20220429,3500,새우젓,1KG,17500,650
20220429,3504,새우젓,1KG,25800,650
20220429,3500,멸치액젓,1KG,4350,651
20220429,3504,멸치액젓,1KG,5330,651
20220429,3504,방울토마토,1KG,8170,422
20220429,3500,고구마(밤),1KG,5000,151
20220429,3504,고구마(밤),1KG,5490,151
20220430,3500,당근,1KG,3000,232
20220430,3504,당근,1KG,3980,232
20220430,3500,양파,1KG,1330,245
20220430,3504,양파,1KG,1990,245
20220430,3500,미나리,1KG,630,252
20220430,3500,고춧가루,1KG,10000,248
20220430,3504,고춧가루,1KG,12800,248
20220430,3500,찹쌀,1KG,3500,112
20220430,3504,찹쌀,1KG,3200,112
20220430,3500,열무,1KG(1단),1870,233
20220430,3500,토마토,1KG,4660,225
20220430,3504,토마토,1KG,4920,225
20220430,3500,파,1KG,2160,246
20220430,3504,파,1KG,2380,246
20220430,3500,파,1KG,3330,246
20220430,3500,고춧가루,1KG,21600,248
20220430,3504,고춧가루,1KG,38400,248
20220430,3500,고구마(밤),1KG,5000,151
20220430,3504,고구마(밤),1KG,5490,151
20220430,3500,얼갈이배추,1KG(단),1870,215
20220430,3504,얼갈이배추,1KG(단),2830,215
20220430,3500,생강,1KG,6330,247
20220430,3504,생강,1KG,10670,247
20220430,3504,방울토마토,1KG,8170,422
